product_id,date,potential_demand,units_sold,stock_after,trend_score
SKU001,2026-07-09,6,6,89,0.0
SKU001,2026-07-10,5,5,84,0.0
SKU001,2026-07-11,4,4,80,0.0
SKU001,2026-07-12,6,6,74,0.0
SKU001,2026-07-13,6,6,68,0.0
SKU001,2026-07-14,4,4,64,0.0
SKU001,2026-07-15,6,6,58,0.0
SKU001,2026-07-16,5,5,53,0.0
SKU001,2026-07-17,14,14,39,0.0
SKU001,2026-07-18,4,4,35,0.0
SKU001,2026-07-19,9,9,26,0.0
SKU001,2026-07-20,7,7,19,0.0
SKU001,2026-07-21,6,6,13,0.0
SKU001,2026-07-22,8,8,5,0.0
SKU001,2026-07-23,8,5,0,0.0
SKU001,2026-07-24,6,0,66,0.0
SKU001,2026-07-25,6,6,60,0.0
SKU001,2026-07-26,11,11,49,0.0
SKU001,2026-07-27,4,4,45,0.0
SKU001,2026-07-28,6,6,39,0.0
SKU001,2026-07-29,8,8,31,0.0
SKU001,2026-07-30,5,5,26,0.0
SKU001,2026-07-31,4,4,22,0.0
SKU001,2026-08-01,11,11,11,0.0
SKU001,2026-08-02,13,11,77,0.0
SKU001,2026-08-03,10,10,67,0.0
SKU001,2026-08-04,3,3,64,0.0
SKU001,2026-08-05,11,11,53,0.0
SKU001,2026-08-06,8,8,45,0.0
SKU001,2026-08-07,10,10,35,0.0
SKU001,2026-08-08,8,8,27,0.0
SKU001,2026-08-09,8,8,19,0.0
SKU001,2026-08-10,5,5,14,0.0
SKU001,2026-08-11,2,2,12,0.0
SKU001,2026-08-12,4,4,8,0.0
SKU001,2026-08-13,8,8,0,0.0
SKU001,2026-08-14,9,0,55,0.0
SKU001,2026-08-15,7,7,48,0.0
SKU001,2026-08-16,10,10,38,0.0
SKU001,2026-08-17,8,8,30,0.0
SKU001,2026-08-18,2,2,28,0.0
SKU001,2026-08-19,7,7,21,0.0
SKU001,2026-08-20,6,6,15,0.0
SKU001,2026-08-21,5,5,10,0.0
SKU001,2026-08-22,12,10,41,0.0
SKU001,2026-08-23,7,7,34,0.0
SKU001,2026-08-24,7,7,27,0.0
SKU001,2026-08-25,8,8,19,0.0
SKU001,2026-08-26,8,8,11,0.0
SKU001,2026-08-27,6,6,5,0.0
SKU001,2026-08-28,5,5,0,0.0
SKU001,2026-08-29,15,0,0,0.0
SKU001,2026-08-30,12,0,0,0.0
SKU001,2026-08-31,8,0,0,0.0
SKU001,2026-09-01,6,0,0,0.0
SKU001,2026-09-02,8,0,53,0.0
SKU001,2026-09-03,9,9,44,0.0
SKU001,2026-09-04,5,5,39,0.0
SKU001,2026-09-05,14,14,25,0.8
SKU001,2026-09-06,15,15,10,0.8
SKU001,2026-09-07,10,10,0,0.8
SKU001,2026-09-08,10,0,45,0.8
SKU001,2026-09-09,20,20,25,0.8
SKU001,2026-09-10,14,14,11,0.8
SKU001,2026-09-11,4,4,7,0.8
SKU001,2026-09-12,11,7,0,0.8
SKU001,2026-09-13,21,0,0,0.8
SKU001,2026-09-14,10,0,0,0.8
SKU001,2026-09-15,17,0,0,0.8
SKU001,2026-09-16,7,0,0,0.0
SKU001,2026-09-17,9,0,0,0.0
SKU001,2026-09-18,4,0,0,0.0
SKU001,2026-09-19,14,0,0,0.0
SKU001,2026-09-20,7,0,55,0.0
SKU001,2026-09-21,7,7,48,0.0
SKU001,2026-09-22,3,3,45,0.0
SKU001,2026-09-23,3,3,42,0.0
SKU001,2026-09-24,6,6,36,0.0
SKU001,2026-09-25,7,7,29,0.0
SKU001,2026-09-26,7,7,22,0.0
SKU001,2026-09-27,9,9,13,0.0
SKU001,2026-09-28,3,3,10,0.0
SKU001,2026-09-29,7,7,3,0.0
SKU001,2026-09-30,7,3,0,0.0
SKU001,2026-10-01,4,0,50,0.0
SKU001,2026-10-02,4,4,46,0.0
SKU001,2026-10-03,6,6,40,0.0
SKU001,2026-10-04,16,16,24,0.0
SKU001,2026-10-05,8,8,16,0.0
SKU001,2026-10-06,3,3,13,0.0
SKU002,2026-07-09,6,6,164,0.0
SKU002,2026-07-10,3,3,161,0.0
SKU002,2026-07-11,5,5,156,0.0
SKU002,2026-07-12,4,4,152,0.0
SKU002,2026-07-13,5,5,147,0.0
SKU002,2026-07-14,4,4,143,0.0
SKU002,2026-07-15,5,5,138,0.0
SKU002,2026-07-16,3,3,135,0.0
SKU002,2026-07-17,5,5,130,0.0
SKU002,2026-07-18,3,3,127,0.0
SKU002,2026-07-19,6,6,121,0.0
SKU002,2026-07-20,3,3,118,0.0
SKU002,2026-07-21,5,5,113,0.0
SKU002,2026-07-22,2,2,111,0.0
SKU002,2026-07-23,5,5,106,0.0
SKU002,2026-07-24,3,3,103,0.0
SKU002,2026-07-25,9,9,94,0.0
SKU002,2026-07-26,7,7,87,0.0
SKU002,2026-07-27,5,5,82,0.0
SKU002,2026-07-28,2,2,80,0.0
SKU002,2026-07-29,4,4,76,0.0
SKU002,2026-07-30,3,3,73,0.0
SKU002,2026-07-31,2,2,71,0.0
SKU002,2026-08-01,6,6,65,0.0
SKU002,2026-08-02,4,4,61,0.0
SKU002,2026-08-03,3,3,58,0.0
SKU002,2026-08-04,2,2,56,0.0
SKU002,2026-08-05,3,3,53,0.0
SKU002,2026-08-06,2,2,51,0.0
SKU002,2026-08-07,5,5,46,0.0
SKU002,2026-08-08,4,4,42,0.0
SKU002,2026-08-09,3,3,39,0.0
SKU002,2026-08-10,3,3,36,0.0
SKU002,2026-08-11,3,3,33,0.0
SKU002,2026-08-12,2,2,31,0.0
SKU002,2026-08-13,2,2,29,0.0
SKU002,2026-08-14,6,6,23,0.0
SKU002,2026-08-15,2,2,21,0.0
SKU002,2026-08-16,2,2,19,0.0
SKU002,2026-08-17,5,5,14,0.0
SKU002,2026-08-18,3,3,11,0.0
SKU002,2026-08-19,4,4,7,0.0
SKU002,2026-08-20,6,6,54,0.0
SKU002,2026-08-21,4,4,50,0.0
SKU002,2026-08-22,10,10,40,0.8
SKU002,2026-08-23,7,7,33,0.8
SKU002,2026-08-24,9,9,24,0.8
SKU002,2026-08-25,4,4,20,0.8
SKU002,2026-08-26,9,9,11,0.8
SKU002,2026-08-27,7,7,4,0.8
SKU002,2026-08-28,5,4,69,0.8
SKU002,2026-08-29,2,2,67,0.8
SKU002,2026-08-30,16,16,51,0.8
SKU002,2026-08-31,6,6,45,0.8
SKU002,2026-09-01,4,4,41,0.8
SKU002,2026-09-02,3,3,38,0.0
SKU002,2026-09-03,5,5,33,0.0
SKU002,2026-09-04,6,6,27,0.0
SKU002,2026-09-05,8,8,19,0.0
SKU002,2026-09-06,3,3,16,0.0
SKU002,2026-09-07,0,0,16,0.0
SKU002,2026-09-08,1,1,15,0.0
SKU002,2026-09-09,1,1,14,0.0
SKU002,2026-09-10,3,3,11,0.0
SKU002,2026-09-11,3,3,8,0.0
SKU002,2026-09-12,6,6,65,0.0
SKU002,2026-09-13,7,7,58,0.0
SKU002,2026-09-14,4,4,54,0.0
SKU002,2026-09-15,3,3,51,0.0
SKU002,2026-09-16,1,1,50,0.0
SKU002,2026-09-17,2,2,48,0.0
SKU002,2026-09-18,5,5,43,0.0
SKU002,2026-09-19,8,8,35,0.0
SKU002,2026-09-20,6,6,29,0.0
SKU002,2026-09-21,2,2,27,0.0
SKU002,2026-09-22,4,4,23,0.0
SKU002,2026-09-23,2,2,21,0.0
SKU002,2026-09-24,4,4,17,0.0
SKU002,2026-09-25,8,8,9,0.0
SKU002,2026-09-26,2,2,7,0.0
SKU002,2026-09-27,4,4,3,0.0
SKU002,2026-09-28,3,3,0,0.0
SKU002,2026-09-29,2,0,0,0.0
SKU002,2026-09-30,3,0,0,0.0
SKU002,2026-10-01,2,0,74,0.0
SKU002,2026-10-02,2,2,72,0.0
SKU002,2026-10-03,6,6,66,0.0
SKU002,2026-10-04,6,6,60,0.0
SKU002,2026-10-05,4,4,56,0.0
SKU002,2026-10-06,3,3,53,0.0
SKU003,2026-07-09,16,16,114,0.0
SKU003,2026-07-10,13,13,101,0.0
SKU003,2026-07-11,14,14,87,0.0
SKU003,2026-07-12,20,20,67,0.0
SKU003,2026-07-13,22,22,45,0.0
SKU003,2026-07-14,16,16,29,0.0
SKU003,2026-07-15,11,11,18,0.0
SKU003,2026-07-16,15,15,67,0.0
SKU003,2026-07-17,15,15,52,0.0
SKU003,2026-07-18,16,16,36,0.0
SKU003,2026-07-19,12,12,24,0.0
SKU003,2026-07-20,7,7,17,0.0
SKU003,2026-07-21,12,12,73,0.0
SKU003,2026-07-22,8,8,65,0.0
SKU003,2026-07-23,19,19,46,0.0
SKU003,2026-07-24,16,16,30,0.0
SKU003,2026-07-25,11,11,19,0.0
SKU003,2026-07-26,19,19,61,0.0
SKU003,2026-07-27,13,13,48,0.0
SKU003,2026-07-28,16,16,32,0.0
SKU003,2026-07-29,12,12,20,0.0
SKU003,2026-07-30,6,6,14,0.0
SKU003,2026-07-31,12,12,66,0.0
SKU003,2026-08-01,10,10,56,0.0
SKU003,2026-08-02,16,16,40,0.0
SKU003,2026-08-03,15,15,25,0.0
SKU003,2026-08-04,13,13,12,0.0
SKU003,2026-08-05,11,11,62,0.0
SKU003,2026-08-06,9,9,53,0.0
SKU003,2026-08-07,16,16,37,0.0
SKU003,2026-08-08,18,18,19,0.0
SKU003,2026-08-09,18,18,1,0.0
SKU003,2026-08-10,20,1,0,0.0
SKU003,2026-08-11,14,0,0,0.0
SKU003,2026-08-12,13,0,0,0.0
SKU003,2026-08-13,12,0,53,0.0
SKU003,2026-08-14,7,7,46,0.0
SKU003,2026-08-15,13,13,33,0.0
SKU003,2026-08-16,22,22,11,0.0
SKU003,2026-08-17,9,9,2,0.0
SKU003,2026-08-18,13,2,0,0.0
SKU003,2026-08-19,9,0,54,0.0
SKU003,2026-08-20,10,10,44,0.0
SKU003,2026-08-21,17,17,27,0.0
SKU003,2026-08-22,34,27,0,0.8
SKU003,2026-08-23,31,0,0,0.8
SKU003,2026-08-24,23,0,0,0.8
SKU003,2026-08-25,22,0,0,0.8
SKU003,2026-08-26,31,0,0,0.8
SKU003,2026-08-27,25,0,47,0.8
SKU003,2026-08-28,21,21,26,0.8
SKU003,2026-08-29,32,26,0,0.8
SKU003,2026-08-30,28,0,0,0.8
SKU003,2026-08-31,15,0,0,0.8
SKU003,2026-09-01,24,0,56,0.8
SKU003,2026-09-02,10,10,46,0.0
SKU003,2026-09-03,11,11,35,0.0
SKU003,2026-09-04,12,12,23,0.0
SKU003,2026-09-05,9,9,14,0.0
SKU003,2026-09-06,17,14,0,0.0
SKU003,2026-09-07,12,0,0,0.0
SKU003,2026-09-08,15,0,76,0.0
SKU003,2026-09-09,11,11,65,0.0
SKU003,2026-09-10,16,16,49,0.0
SKU003,2026-09-11,12,12,37,0.0
SKU003,2026-09-12,17,17,20,0.0
SKU003,2026-09-13,11,11,49,0.0
SKU003,2026-09-14,8,8,41,0.0
SKU003,2026-09-15,19,19,22,0.0
SKU003,2026-09-16,13,13,72,0.0
SKU003,2026-09-17,15,15,57,0.0
SKU003,2026-09-18,13,13,44,0.0
SKU003,2026-09-19,17,17,27,0.0
SKU003,2026-09-20,17,17,10,0.0
SKU003,2026-09-21,8,8,2,0.0
SKU003,2026-09-22,15,2,47,0.0
SKU003,2026-09-23,8,8,39,0.0
SKU003,2026-09-24,22,22,17,0.0
SKU003,2026-09-25,11,11,71,0.0
SKU003,2026-09-26,22,22,49,0.0
SKU003,2026-09-27,19,19,30,0.0
SKU003,2026-09-28,9,9,21,0.0
SKU003,2026-09-29,11,11,10,0.0
SKU003,2026-09-30,7,7,3,0.0
SKU003,2026-10-01,12,3,0,0.0
SKU003,2026-10-02,13,0,0,0.0
SKU003,2026-10-03,15,0,0,0.0
SKU003,2026-10-04,20,0,0,0.0
SKU003,2026-10-05,8,0,54,0.0
SKU003,2026-10-06,14,14,40,0.0
SKU004,2026-07-09,8,8,92,0.0
SKU004,2026-07-10,8,8,84,0.0
SKU004,2026-07-11,13,13,71,0.0
SKU004,2026-07-12,13,13,58,0.0
SKU004,2026-07-13,5,5,53,0.0
SKU004,2026-07-14,9,9,44,0.0
SKU004,2026-07-15,9,9,35,0.0
SKU004,2026-07-16,9,9,26,0.0
SKU004,2026-07-17,11,11,15,0.0
SKU004,2026-07-18,10,10,5,0.0
SKU004,2026-07-19,10,5,0,0.0
SKU004,2026-07-20,9,0,54,0.0
SKU004,2026-07-21,6,6,48,0.0
SKU004,2026-07-22,7,7,41,0.0
SKU004,2026-07-23,15,15,26,0.0
SKU004,2026-07-24,7,7,19,0.0
SKU004,2026-07-25,11,11,8,0.0
SKU004,2026-07-26,11,8,0,0.0
SKU004,2026-07-27,8,0,0,0.0
SKU004,2026-07-28,8,0,0,0.0
SKU004,2026-07-29,7,0,62,0.0
SKU004,2026-07-30,9,9,53,0.0
SKU004,2026-07-31,14,14,39,0.0
SKU004,2026-08-01,11,11,28,0.0
SKU004,2026-08-02,14,14,14,0.0
SKU004,2026-08-03,12,12,2,0.0
SKU004,2026-08-04,6,2,0,0.0
SKU004,2026-08-05,8,0,0,0.0
SKU004,2026-08-06,7,0,46,0.0
SKU004,2026-08-07,10,10,36,0.0
SKU004,2026-08-08,17,17,19,0.0
SKU004,2026-08-09,9,9,10,0.0
SKU004,2026-08-10,7,7,52,0.0
SKU004,2026-08-11,8,8,44,0.0
SKU004,2026-08-12,8,8,36,0.0
SKU004,2026-08-13,11,11,25,0.0
SKU004,2026-08-14,12,12,13,0.0
SKU004,2026-08-15,4,4,9,0.0
SKU004,2026-08-16,7,7,2,0.0
SKU004,2026-08-17,12,2,0,0.0
SKU004,2026-08-18,7,0,64,0.0
SKU004,2026-08-19,11,11,53,0.0
SKU004,2026-08-20,9,9,44,0.0
SKU004,2026-08-21,15,15,29,0.0
SKU004,2026-08-22,19,19,10,0.0
SKU004,2026-08-23,8,8,2,0.0
SKU004,2026-08-24,14,2,0,0.0
SKU004,2026-08-25,5,0,0,0.0
SKU004,2026-08-26,13,0,0,0.8
SKU004,2026-08-27,18,0,0,0.8
SKU004,2026-08-28,21,0,65,0.8
SKU004,2026-08-29,26,26,39,0.8
SKU004,2026-08-30,21,21,18,0.8
SKU004,2026-08-31,11,11,7,0.8
SKU004,2026-09-01,20,7,77,0.8
SKU004,2026-09-02,16,16,61,0.8
SKU004,2026-09-03,15,15,46,0.8
SKU004,2026-09-04,10,10,36,0.8
SKU004,2026-09-05,21,21,15,0.8
SKU004,2026-09-06,13,13,2,0.0
SKU004,2026-09-07,8,2,0,0.0
SKU004,2026-09-08,7,0,0,0.0
SKU004,2026-09-09,14,0,0,0.0
SKU004,2026-09-10,4,0,58,0.0
SKU004,2026-09-11,9,9,49,0.0
SKU004,2026-09-12,15,15,34,0.0
SKU004,2026-09-13,11,11,23,0.0
SKU004,2026-09-14,8,8,15,0.0
SKU004,2026-09-15,9,9,6,0.0
SKU004,2026-09-16,5,5,1,0.0
SKU004,2026-09-17,8,1,0,0.0
SKU004,2026-09-18,10,0,46,0.0
SKU004,2026-09-19,14,14,32,0.0
SKU004,2026-09-20,11,11,21,0.0
SKU004,2026-09-21,9,9,12,0.0
SKU004,2026-09-22,15,12,54,0.0
SKU004,2026-09-23,8,8,46,0.0
SKU004,2026-09-24,13,13,33,0.0
SKU004,2026-09-25,13,13,20,0.0
SKU004,2026-09-26,9,9,11,0.0
SKU004,2026-09-27,17,11,43,0.0
SKU004,2026-09-28,14,14,29,0.0
SKU004,2026-09-29,7,7,22,0.0
SKU004,2026-09-30,13,13,81,0.0
SKU004,2026-10-01,12,12,69,0.0
SKU004,2026-10-02,8,8,61,0.0
SKU004,2026-10-03,14,14,47,0.0
SKU004,2026-10-04,12,12,35,0.0
SKU004,2026-10-05,11,11,24,0.0
SKU004,2026-10-06,10,10,14,0.0
SKU005,2026-07-09,21,21,59,0.0
SKU005,2026-07-10,15,15,44,0.0
SKU005,2026-07-11,16,16,28,0.0
SKU005,2026-07-12,17,17,11,0.0
SKU005,2026-07-13,13,11,75,0.0
SKU005,2026-07-14,6,6,69,0.0
SKU005,2026-07-15,9,9,60,0.0
SKU005,2026-07-16,9,9,51,0.0
SKU005,2026-07-17,14,14,37,0.0
SKU005,2026-07-18,17,17,20,0.0
SKU005,2026-07-19,21,20,68,0.0
SKU005,2026-07-20,16,16,52,0.0
SKU005,2026-07-21,11,11,41,0.0
SKU005,2026-07-22,15,15,26,0.0
SKU005,2026-07-23,13,13,13,0.0
SKU005,2026-07-24,8,8,5,0.0
SKU005,2026-07-25,15,5,0,0.0
SKU005,2026-07-26,15,0,0,0.0
SKU005,2026-07-27,8,0,0,0.0
SKU005,2026-07-28,11,0,0,0.0
SKU005,2026-07-29,13,0,51,0.0
SKU005,2026-07-30,11,11,40,0.0
SKU005,2026-07-31,19,19,21,0.0
SKU005,2026-08-01,18,18,3,0.0
SKU005,2026-08-02,8,3,0,0.0
SKU005,2026-08-03,11,0,40,0.0
SKU005,2026-08-04,11,11,29,0.0
SKU005,2026-08-05,13,13,16,0.0
SKU005,2026-08-06,11,11,5,0.0
SKU005,2026-08-07,12,5,47,0.0
SKU005,2026-08-08,5,5,42,0.0
SKU005,2026-08-09,13,13,29,0.0
SKU005,2026-08-10,12,12,17,0.0
SKU005,2026-08-11,10,10,7,0.0
SKU005,2026-08-12,7,7,0,0.0
SKU005,2026-08-13,16,0,0,0.0
SKU005,2026-08-14,9,0,0,0.0
SKU005,2026-08-15,14,0,0,0.0
SKU005,2026-08-16,16,0,0,0.0
SKU005,2026-08-17,4,0,59,0.0
SKU005,2026-08-18,14,14,45,0.0
SKU005,2026-08-19,10,10,35,0.0
SKU005,2026-08-20,10,10,25,0.0
SKU005,2026-08-21,11,11,14,0.0
SKU005,2026-08-22,8,8,6,0.0
SKU005,2026-08-23,23,6,0,0.0
SKU005,2026-08-24,10,0,57,0.0
SKU005,2026-08-25,7,7,50,0.0
SKU005,2026-08-26,7,7,43,0.0
SKU005,2026-08-27,13,13,30,0.0
SKU005,2026-08-28,12,12,18,0.0
SKU005,2026-08-29,17,17,1,0.0
SKU005,2026-08-30,9,1,0,0.0
SKU005,2026-08-31,15,0,0,0.0
SKU005,2026-09-01,15,0,0,0.0
SKU005,2026-09-02,26,0,48,0.8
SKU005,2026-09-03,18,18,30,0.8
SKU005,2026-09-04,20,20,10,0.8
SKU005,2026-09-05,36,10,0,0.8
SKU005,2026-09-06,28,0,0,0.8
SKU005,2026-09-07,24,0,0,0.8
SKU005,2026-09-08,16,0,40,0.8
SKU005,2026-09-09,19,19,21,0.8
SKU005,2026-09-10,23,21,50,0.8
SKU005,2026-09-11,18,18,32,0.8
SKU005,2026-09-12,29,29,54,0.8
SKU005,2026-09-13,16,16,38,0.0
SKU005,2026-09-14,12,12,26,0.0
SKU005,2026-09-15,6,6,20,0.0
SKU005,2026-09-16,18,18,2,0.0
SKU005,2026-09-17,10,2,0,0.0
SKU005,2026-09-18,10,0,0,0.0
SKU005,2026-09-19,16,0,0,0.0
SKU005,2026-09-20,10,0,0,0.0
SKU005,2026-09-21,11,0,62,0.0
SKU005,2026-09-22,11,11,51,0.0
SKU005,2026-09-23,9,9,42,0.0
SKU005,2026-09-24,5,5,37,0.0
SKU005,2026-09-25,12,12,25,0.0
SKU005,2026-09-26,16,16,9,0.0
SKU005,2026-09-27,17,9,0,0.0
SKU005,2026-09-28,13,0,0,0.0
SKU005,2026-09-29,8,0,56,0.0
SKU005,2026-09-30,7,7,49,0.0
SKU005,2026-10-01,13,13,36,0.0
SKU005,2026-10-02,11,11,25,0.0
SKU005,2026-10-03,18,18,66,0.0
SKU005,2026-10-04,15,15,51,0.0
SKU005,2026-10-05,12,12,39,0.0
SKU005,2026-10-06,14,14,25,0.0
SKU006,2026-07-09,6,6,104,0.0
SKU006,2026-07-10,8,8,96,0.0
SKU006,2026-07-11,10,10,86,0.0
SKU006,2026-07-12,9,9,77,0.0
SKU006,2026-07-13,5,5,72,0.0
SKU006,2026-07-14,4,4,68,0.0
SKU006,2026-07-15,8,8,60,0.0
SKU006,2026-07-16,4,4,56,0.0
SKU006,2026-07-17,6,6,50,0.0
SKU006,2026-07-18,5,5,45,0.0
SKU006,2026-07-19,9,9,36,0.0
SKU006,2026-07-20,8,8,28,0.0
SKU006,2026-07-21,6,6,22,0.0
SKU006,2026-07-22,7,7,15,0.0
SKU006,2026-07-23,4,4,11,0.0
SKU006,2026-07-24,0,0,11,0.0
SKU006,2026-07-25,4,4,7,0.0
SKU006,2026-07-26,3,3,44,0.0
SKU006,2026-07-27,10,10,34,0.0
SKU006,2026-07-28,5,5,29,0.0
SKU006,2026-07-29,4,4,25,0.0
SKU006,2026-07-30,8,8,17,0.0
SKU006,2026-07-31,5,5,12,0.0
SKU006,2026-08-01,11,11,1,0.0
SKU006,2026-08-02,8,1,52,0.0
SKU006,2026-08-03,3,3,49,0.0
SKU006,2026-08-04,3,3,46,0.0
SKU006,2026-08-05,1,1,45,0.0
SKU006,2026-08-06,5,5,40,0.0
SKU006,2026-08-07,9,9,31,0.0
SKU006,2026-08-08,4,4,27,0.0
SKU006,2026-08-09,5,5,22,0.0
SKU006,2026-08-10,0,0,22,0.0
SKU006,2026-08-11,7,7,15,0.0
SKU006,2026-08-12,4,4,11,0.0
SKU006,2026-08-13,4,4,7,0.0
SKU006,2026-08-14,7,7,65,0.0
SKU006,2026-08-15,12,12,53,0.0
SKU006,2026-08-16,6,6,47,0.0
SKU006,2026-08-17,10,10,37,0.0
SKU006,2026-08-18,9,9,28,0.0
SKU006,2026-08-19,7,7,21,0.0
SKU006,2026-08-20,4,4,17,0.0
SKU006,2026-08-21,4,4,13,0.0
SKU006,2026-08-22,16,13,0,0.0
SKU006,2026-08-23,7,0,0,0.0
SKU006,2026-08-24,1,0,0,0.0
SKU006,2026-08-25,7,0,74,0.0
SKU006,2026-08-26,8,8,66,0.0
SKU006,2026-08-27,4,4,62,0.0
SKU006,2026-08-28,1,1,61,0.0
SKU006,2026-08-29,10,10,51,0.0
SKU006,2026-08-30,10,10,41,0.0
SKU006,2026-08-31,3,3,38,0.0
SKU006,2026-09-01,9,9,29,0.0
SKU006,2026-09-02,4,4,25,0.0
SKU006,2026-09-03,2,2,23,0.0
SKU006,2026-09-04,4,4,19,0.0
SKU006,2026-09-05,3,3,16,0.0
SKU006,2026-09-06,11,11,5,0.0
SKU006,2026-09-07,9,5,48,0.0
SKU006,2026-09-08,6,6,42,0.0
SKU006,2026-09-09,7,7,35,0.0
SKU006,2026-09-10,3,3,32,0.0
SKU006,2026-09-11,3,3,29,0.0
SKU006,2026-09-12,9,9,20,0.8
SKU006,2026-09-13,16,16,55,0.8
SKU006,2026-09-14,12,12,43,0.8
SKU006,2026-09-15,11,11,32,0.8
SKU006,2026-09-16,10,10,22,0.8
SKU006,2026-09-17,6,6,16,0.8
SKU006,2026-09-18,11,11,5,0.8
SKU006,2026-09-19,14,5,0,0.8
SKU006,2026-09-20,14,0,0,0.8
SKU006,2026-09-21,8,0,0,0.8
SKU006,2026-09-22,12,0,0,0.8
SKU006,2026-09-23,8,0,72,0.0
SKU006,2026-09-24,6,6,66,0.0
SKU006,2026-09-25,5,5,61,0.0
SKU006,2026-09-26,7,7,54,0.0
SKU006,2026-09-27,7,7,47,0.0
SKU006,2026-09-28,6,6,41,0.0
SKU006,2026-09-29,5,5,36,0.0
SKU006,2026-09-30,5,5,31,0.0
SKU006,2026-10-01,3,3,28,0.0
SKU006,2026-10-02,4,4,24,0.0
SKU006,2026-10-03,10,10,14,0.0
SKU006,2026-10-04,9,9,5,0.0
SKU006,2026-10-05,8,5,74,0.0
SKU006,2026-10-06,8,8,66,0.0
SKU007,2026-07-09,6,6,84,0.0
SKU007,2026-07-10,5,5,79,0.0
SKU007,2026-07-11,13,13,66,0.0
SKU007,2026-07-12,10,10,56,0.0
SKU007,2026-07-13,12,12,44,0.0
SKU007,2026-07-14,13,13,31,0.0
SKU007,2026-07-15,9,9,22,0.0
SKU007,2026-07-16,6,6,16,0.0
SKU007,2026-07-17,11,11,68,0.0
SKU007,2026-07-18,15,15,53,0.0
SKU007,2026-07-19,10,10,43,0.0
SKU007,2026-07-20,14,14,29,0.0
SKU007,2026-07-21,6,6,23,0.0
SKU007,2026-07-22,4,4,19,0.0
SKU007,2026-07-23,4,4,15,0.0
SKU007,2026-07-24,6,6,9,0.0
SKU007,2026-07-25,9,9,0,0.0
SKU007,2026-07-26,13,0,0,0.0
SKU007,2026-07-27,11,0,68,0.0
SKU007,2026-07-28,17,17,51,0.0
SKU007,2026-07-29,11,11,40,0.0
SKU007,2026-07-30,3,3,37,0.0
SKU007,2026-07-31,7,7,30,0.0
SKU007,2026-08-01,4,4,26,0.0
SKU007,2026-08-02,13,13,13,0.0
SKU007,2026-08-03,10,10,67,0.0
SKU007,2026-08-04,8,8,59,0.0
SKU007,2026-08-05,11,11,48,0.0
SKU007,2026-08-06,14,14,34,0.0
SKU007,2026-08-07,13,13,21,0.0
SKU007,2026-08-08,16,16,5,0.0
SKU007,2026-08-09,16,5,0,0.0
SKU007,2026-08-10,13,0,79,0.0
SKU007,2026-08-11,13,13,66,0.0
SKU007,2026-08-12,8,8,58,0.0
SKU007,2026-08-13,3,3,55,0.0
SKU007,2026-08-14,5,5,50,0.0
SKU007,2026-08-15,19,19,31,0.0
SKU007,2026-08-16,11,11,20,0.0
SKU007,2026-08-17,10,10,10,0.0
SKU007,2026-08-18,15,10,0,0.0
SKU007,2026-08-19,7,0,0,0.0
SKU007,2026-08-20,5,0,0,0.0
SKU007,2026-08-21,13,0,65,0.0
SKU007,2026-08-22,6,6,59,0.0
SKU007,2026-08-23,13,13,46,0.0
SKU007,2026-08-24,13,13,33,0.0
SKU007,2026-08-25,8,8,25,0.0
SKU007,2026-08-26,5,5,20,0.0
SKU007,2026-08-27,16,16,4,0.8
SKU007,2026-08-28,14,4,49,0.8
SKU007,2026-08-29,18,18,31,0.8
SKU007,2026-08-30,24,24,68,0.8
SKU007,2026-08-31,22,22,46,0.8
SKU007,2026-09-01,13,13,33,0.8
SKU007,2026-09-02,18,18,15,0.8
SKU007,2026-09-03,16,15,0,0.8
SKU007,2026-09-04,14,0,62,0.8
SKU007,2026-09-05,13,13,49,0.8
SKU007,2026-09-06,18,18,31,0.8
SKU007,2026-09-07,13,13,18,0.0
SKU007,2026-09-08,12,12,62,0.0
SKU007,2026-09-09,14,14,48,0.0
SKU007,2026-09-10,15,15,33,0.0
SKU007,2026-09-11,9,9,24,0.0
SKU007,2026-09-12,9,9,15,0.0
SKU007,2026-09-13,8,8,73,0.0
SKU007,2026-09-14,7,7,66,0.0
SKU007,2026-09-15,9,9,57,0.0
SKU007,2026-09-16,8,8,49,0.0
SKU007,2026-09-17,6,6,43,0.0
SKU007,2026-09-18,6,6,37,0.0
SKU007,2026-09-19,15,15,22,0.0
SKU007,2026-09-20,15,15,7,0.0
SKU007,2026-09-21,6,6,1,0.0
SKU007,2026-09-22,9,1,0,0.0
SKU007,2026-09-23,9,0,0,0.0
SKU007,2026-09-24,10,0,0,0.0
SKU007,2026-09-25,5,0,0,0.0
SKU007,2026-09-26,11,0,48,0.0
SKU007,2026-09-27,15,15,33,0.0
SKU007,2026-09-28,2,2,31,0.0
SKU007,2026-09-29,11,11,20,0.0
SKU007,2026-09-30,10,10,10,0.0
SKU007,2026-10-01,13,10,0,0.0
SKU007,2026-10-02,7,0,0,0.0
SKU007,2026-10-03,14,0,0,0.0
SKU007,2026-10-04,12,0,47,0.0
SKU007,2026-10-05,9,9,38,0.0
SKU007,2026-10-06,11,11,27,0.0
SKU008,2026-07-09,13,13,62,0.0
SKU008,2026-07-10,16,16,46,0.0
SKU008,2026-07-11,23,23,23,0.0
SKU008,2026-07-12,12,12,11,0.0
SKU008,2026-07-13,13,11,0,0.0
SKU008,2026-07-14,10,0,44,0.0
SKU008,2026-07-15,19,19,25,0.0
SKU008,2026-07-16,13,13,12,0.0
SKU008,2026-07-17,12,12,57,0.0
SKU008,2026-07-18,14,14,43,0.0
SKU008,2026-07-19,21,21,22,0.0
SKU008,2026-07-20,9,9,13,0.0
SKU008,2026-07-21,16,13,0,0.0
SKU008,2026-07-22,14,0,0,0.0
SKU008,2026-07-23,19,0,0,0.0
SKU008,2026-07-24,12,0,0,0.0
SKU008,2026-07-25,15,0,0,0.0
SKU008,2026-07-26,17,0,43,0.0
SKU008,2026-07-27,13,13,30,0.0
SKU008,2026-07-28,18,18,12,0.0
SKU008,2026-07-29,9,9,3,0.0
SKU008,2026-07-30,7,3,0,0.0
SKU008,2026-07-31,10,0,0,0.0
SKU008,2026-08-01,15,0,69,0.0
SKU008,2026-08-02,19,19,50,0.0
SKU008,2026-08-03,14,14,36,0.0
SKU008,2026-08-04,13,13,23,0.0
SKU008,2026-08-05,12,12,11,0.0
SKU008,2026-08-06,18,11,0,0.0
SKU008,2026-08-07,12,0,0,0.0
SKU008,2026-08-08,17,0,42,0.0
SKU008,2026-08-09,19,19,23,0.0
SKU008,2026-08-10,9,9,14,0.0
SKU008,2026-08-11,12,12,2,0.0
SKU008,2026-08-12,14,2,0,0.0
SKU008,2026-08-13,12,0,0,0.0
SKU008,2026-08-14,9,0,0,0.0
SKU008,2026-08-15,15,0,0,0.0
SKU008,2026-08-16,20,0,0,0.0
SKU008,2026-08-17,12,0,0,0.0
SKU008,2026-08-18,15,0,0,0.0
SKU008,2026-08-19,5,0,0,0.0
SKU008,2026-08-20,6,0,0,0.0
SKU008,2026-08-21,20,0,41,0.0
SKU008,2026-08-22,23,23,18,0.0
SKU008,2026-08-23,7,7,11,0.0
SKU008,2026-08-24,23,11,65,0.8
SKU008,2026-08-25,20,20,45,0.8
SKU008,2026-08-26,25,25,20,0.8
SKU008,2026-08-27,23,20,66,0.8
SKU008,2026-08-28,25,25,41,0.8
SKU008,2026-08-29,38,38,3,0.8
SKU008,2026-08-30,17,3,0,0.8
SKU008,2026-08-31,27,0,60,0.8
SKU008,2026-09-01,15,15,45,0.8
SKU008,2026-09-02,18,18,27,0.8
SKU008,2026-09-03,24,24,56,0.8
SKU008,2026-09-04,15,15,41,0.0
SKU008,2026-09-05,16,16,25,0.0
SKU008,2026-09-06,14,14,11,0.0
SKU008,2026-09-07,13,11,0,0.0
SKU008,2026-09-08,8,0,75,0.0
SKU008,2026-09-09,11,11,64,0.0
SKU008,2026-09-10,13,13,51,0.0
SKU008,2026-09-11,16,16,35,0.0
SKU008,2026-09-12,14,14,21,0.0
SKU008,2026-09-13,11,11,10,0.0
SKU008,2026-09-14,16,10,0,0.0
SKU008,2026-09-15,7,0,0,0.0
SKU008,2026-09-16,13,0,73,0.0
SKU008,2026-09-17,12,12,61,0.0
SKU008,2026-09-18,8,8,53,0.0
SKU008,2026-09-19,20,20,33,0.0
SKU008,2026-09-20,20,20,13,0.0
SKU008,2026-09-21,12,12,1,0.0
SKU008,2026-09-22,12,1,70,0.0
SKU008,2026-09-23,14,14,56,0.0
SKU008,2026-09-24,13,13,43,0.0
SKU008,2026-09-25,9,9,34,0.0
SKU008,2026-09-26,13,13,21,0.0
SKU008,2026-09-27,10,10,11,0.0
SKU008,2026-09-28,17,11,0,0.0
SKU008,2026-09-29,13,0,0,0.0
SKU008,2026-09-30,13,0,64,0.0
SKU008,2026-10-01,20,20,44,0.0
SKU008,2026-10-02,14,14,30,0.0
SKU008,2026-10-03,13,13,17,0.0
SKU008,2026-10-04,12,12,5,0.0
SKU008,2026-10-05,9,5,0,0.0
SKU008,2026-10-06,8,0,0,0.0
SKU009,2026-07-09,12,12,73,0.0
SKU009,2026-07-10,14,14,59,0.0
SKU009,2026-07-11,16,16,43,0.0
SKU009,2026-07-12,20,20,23,0.0
SKU009,2026-07-13,16,16,85,0.0
SKU009,2026-07-14,12,12,73,0.0
SKU009,2026-07-15,7,7,66,0.0
SKU009,2026-07-16,11,11,55,0.0
SKU009,2026-07-17,11,11,44,0.0
SKU009,2026-07-18,19,19,25,0.0
SKU009,2026-07-19,16,16,9,0.0
SKU009,2026-07-20,16,9,0,0.0
SKU009,2026-07-21,20,0,55,0.0
SKU009,2026-07-22,9,9,46,0.0
SKU009,2026-07-23,14,14,32,0.0
SKU009,2026-07-24,10,10,22,0.0
SKU009,2026-07-25,17,17,61,0.0
SKU009,2026-07-26,18,18,43,0.0
SKU009,2026-07-27,11,11,32,0.0
SKU009,2026-07-28,16,16,16,0.0
SKU009,2026-07-29,11,11,67,0.0
SKU009,2026-07-30,13,13,54,0.0
SKU009,2026-07-31,11,11,43,0.0
SKU009,2026-08-01,15,15,28,0.0
SKU009,2026-08-02,11,11,17,0.0
SKU009,2026-08-03,11,11,65,0.0
SKU009,2026-08-04,13,13,52,0.0
SKU009,2026-08-05,11,11,41,0.0
SKU009,2026-08-06,11,11,30,0.0
SKU009,2026-08-07,14,14,16,0.0
SKU009,2026-08-08,11,11,71,0.0
SKU009,2026-08-09,11,11,60,0.0
SKU009,2026-08-10,10,10,50,0.0
SKU009,2026-08-11,7,7,43,0.0
SKU009,2026-08-12,14,14,29,0.0
SKU009,2026-08-13,10,10,19,0.0
SKU009,2026-08-14,16,16,50,0.0
SKU009,2026-08-15,27,27,23,0.0
SKU009,2026-08-16,16,16,7,0.0
SKU009,2026-08-17,7,7,51,0.0
SKU009,2026-08-18,12,12,39,0.0
SKU009,2026-08-19,19,19,20,0.0
SKU009,2026-08-20,10,10,10,0.0
SKU009,2026-08-21,13,10,74,0.0
SKU009,2026-08-22,20,20,54,0.0
SKU009,2026-08-23,19,19,35,0.0
SKU009,2026-08-24,14,14,21,0.0
SKU009,2026-08-25,9,9,12,0.0
SKU009,2026-08-26,13,12,0,0.0
SKU009,2026-08-27,13,0,0,0.8
SKU009,2026-08-28,20,0,0,0.8
SKU009,2026-08-29,34,0,0,0.8
SKU009,2026-08-30,40,0,67,0.8
SKU009,2026-08-31,24,24,43,0.8
SKU009,2026-09-01,27,27,16,0.8
SKU009,2026-09-02,14,14,69,0.8
SKU009,2026-09-03,20,20,49,0.8
SKU009,2026-09-04,16,16,33,0.8
SKU009,2026-09-05,28,28,5,0.8
SKU009,2026-09-06,28,5,62,0.8
SKU009,2026-09-07,12,12,50,0.0
SKU009,2026-09-08,8,8,42,0.0
SKU009,2026-09-09,9,9,33,0.0
SKU009,2026-09-10,13,13,20,0.0
SKU009,2026-09-11,17,17,76,0.0
SKU009,2026-09-12,19,19,57,0.0
SKU009,2026-09-13,10,10,47,0.0
SKU009,2026-09-14,10,10,37,0.0
SKU009,2026-09-15,13,13,24,0.0
SKU009,2026-09-16,13,13,11,0.0
SKU009,2026-09-17,13,11,0,0.0
SKU009,2026-09-18,14,0,0,0.0
SKU009,2026-09-19,16,0,61,0.0
SKU009,2026-09-20,16,16,45,0.0
SKU009,2026-09-21,16,16,29,0.0
SKU009,2026-09-22,8,8,21,0.0
SKU009,2026-09-23,23,21,0,0.0
SKU009,2026-09-24,13,0,0,0.0
SKU009,2026-09-25,14,0,0,0.0
SKU009,2026-09-26,25,0,0,0.0
SKU009,2026-09-27,13,0,0,0.0
SKU009,2026-09-28,14,0,42,0.0
SKU009,2026-09-29,9,9,33,0.0
SKU009,2026-09-30,16,16,17,0.0
SKU009,2026-10-01,12,12,78,0.0
SKU009,2026-10-02,16,16,62,0.0
SKU009,2026-10-03,21,21,41,0.0
SKU009,2026-10-04,20,20,21,0.0
SKU009,2026-10-05,13,13,56,0.0
SKU009,2026-10-06,10,10,46,0.0
SKU010,2026-07-09,6,6,134,0.0
SKU010,2026-07-10,7,7,127,0.0
SKU010,2026-07-11,12,12,115,0.0
SKU010,2026-07-12,9,9,106,0.0
SKU010,2026-07-13,16,16,90,0.0
SKU010,2026-07-14,7,7,83,0.0
SKU010,2026-07-15,6,6,77,0.0
SKU010,2026-07-16,8,8,69,0.0
SKU010,2026-07-17,10,10,59,0.0
SKU010,2026-07-18,14,14,45,0.0
SKU010,2026-07-19,13,13,32,0.0
SKU010,2026-07-20,7,7,25,0.0
SKU010,2026-07-21,9,9,16,0.0
SKU010,2026-07-22,8,8,8,0.0
SKU010,2026-07-23,10,8,79,0.0
SKU010,2026-07-24,7,7,72,0.0
SKU010,2026-07-25,12,12,60,0.0
SKU010,2026-07-26,11,11,49,0.0
SKU010,2026-07-27,8,8,41,0.0
SKU010,2026-07-28,5,5,36,0.0
SKU010,2026-07-29,7,7,29,0.0
SKU010,2026-07-30,9,9,20,0.0
SKU010,2026-07-31,11,11,57,0.0
SKU010,2026-08-01,13,13,44,0.0
SKU010,2026-08-02,16,16,28,0.0
SKU010,2026-08-03,9,9,19,0.0
SKU010,2026-08-04,6,6,13,0.0
SKU010,2026-08-05,2,2,11,0.0
SKU010,2026-08-06,10,10,1,0.0
SKU010,2026-08-07,6,1,0,0.0
SKU010,2026-08-08,11,0,0,0.0
SKU010,2026-08-09,10,0,59,0.0
SKU010,2026-08-10,11,11,48,0.0
SKU010,2026-08-11,6,6,42,0.0
SKU010,2026-08-12,15,15,27,0.0
SKU010,2026-08-13,13,13,14,0.0
SKU010,2026-08-14,9,9,55,0.0
SKU010,2026-08-15,14,14,41,0.0
SKU010,2026-08-16,11,11,30,0.0
SKU010,2026-08-17,12,12,18,0.0
SKU010,2026-08-18,9,9,88,0.0
SKU010,2026-08-19,5,5,83,0.0
SKU010,2026-08-20,10,10,73,0.0
SKU010,2026-08-21,12,12,61,0.0
SKU010,2026-08-22,19,19,42,0.8
SKU010,2026-08-23,29,29,13,0.8
SKU010,2026-08-24,8,8,5,0.8
SKU010,2026-08-25,13,5,0,0.8
SKU010,2026-08-26,12,0,57,0.8
SKU010,2026-08-27,19,19,38,0.8
SKU010,2026-08-28,19,19,19,0.8
SKU010,2026-08-29,17,17,2,0.8
SKU010,2026-08-30,24,2,0,0.8
SKU010,2026-08-31,23,0,63,0.8
SKU010,2026-09-01,20,20,43,0.8
SKU010,2026-09-02,12,12,31,0.0
SKU010,2026-09-03,6,6,25,0.0
SKU010,2026-09-04,5,5,20,0.0
SKU010,2026-09-05,10,10,10,0.0
SKU010,2026-09-06,9,9,75,0.0
SKU010,2026-09-07,16,16,59,0.0
SKU010,2026-09-08,4,4,55,0.0
SKU010,2026-09-09,7,7,48,0.0
SKU010,2026-09-10,13,13,35,0.0
SKU010,2026-09-11,9,9,26,0.0
SKU010,2026-09-12,19,19,73,0.0
SKU010,2026-09-13,10,10,63,0.0
SKU010,2026-09-14,9,9,54,0.0
SKU010,2026-09-15,10,10,44,0.0
SKU010,2026-09-16,8,8,36,0.0
SKU010,2026-09-17,10,10,26,0.0
SKU010,2026-09-18,6,6,20,0.0
SKU010,2026-09-19,13,13,7,0.0
SKU010,2026-09-20,6,6,57,0.0
SKU010,2026-09-21,10,10,47,0.0
SKU010,2026-09-22,9,9,38,0.0
SKU010,2026-09-23,4,4,34,0.0
SKU010,2026-09-24,10,10,24,0.0
SKU010,2026-09-25,13,13,11,0.0
SKU010,2026-09-26,14,11,55,0.0
SKU010,2026-09-27,11,11,44,0.0
SKU010,2026-09-28,8,8,36,0.0
SKU010,2026-09-29,12,12,24,0.0
SKU010,2026-09-30,4,4,20,0.0
SKU010,2026-10-01,13,13,76,0.0
SKU010,2026-10-02,7,7,69,0.0
SKU010,2026-10-03,14,14,55,0.0
SKU010,2026-10-04,15,15,40,0.0
SKU010,2026-10-05,11,11,29,0.0
SKU010,2026-10-06,7,7,22,0.0
SKU011,2026-07-09,7,7,113,0.0
SKU011,2026-07-10,6,6,107,0.0
SKU011,2026-07-11,3,3,104,0.0
SKU011,2026-07-12,8,8,96,0.0
SKU011,2026-07-13,2,2,94,0.0
SKU011,2026-07-14,3,3,91,0.0
SKU011,2026-07-15,5,5,86,0.0
SKU011,2026-07-16,4,4,82,0.0
SKU011,2026-07-17,3,3,79,0.0
SKU011,2026-07-18,4,4,75,0.0
SKU011,2026-07-19,1,1,74,0.0
SKU011,2026-07-20,2,2,72,0.0
SKU011,2026-07-21,4,4,68,0.0
SKU011,2026-07-22,5,5,63,0.0
SKU011,2026-07-23,6,6,57,0.0
SKU011,2026-07-24,6,6,51,0.0
SKU011,2026-07-25,6,6,45,0.0
SKU011,2026-07-26,5,5,40,0.0
SKU011,2026-07-27,2,2,38,0.0
SKU011,2026-07-28,5,5,33,0.0
SKU011,2026-07-29,7,7,26,0.0
SKU011,2026-07-30,5,5,21,0.0
SKU011,2026-07-31,4,4,17,0.0
SKU011,2026-08-01,3,3,14,0.0
SKU011,2026-08-02,5,5,9,0.0
SKU011,2026-08-03,1,1,8,0.0
SKU011,2026-08-04,5,5,3,0.0
SKU011,2026-08-05,7,3,0,0.0
SKU011,2026-08-06,6,0,0,0.0
SKU011,2026-08-07,7,0,0,0.0
SKU011,2026-08-08,6,0,0,0.0
SKU011,2026-08-09,4,0,0,0.0
SKU011,2026-08-10,3,0,0,0.0
SKU011,2026-08-11,6,0,0,0.0
SKU011,2026-08-12,0,0,0,0.0
SKU011,2026-08-13,2,0,0,0.0
SKU011,2026-08-14,8,0,0,0.0
SKU011,2026-08-15,5,0,0,0.0
SKU011,2026-08-16,5,0,0,0.0
SKU011,2026-08-17,5,0,75,0.0
SKU011,2026-08-18,3,3,72,0.0
SKU011,2026-08-19,3,3,69,0.0
SKU011,2026-08-20,2,2,67,0.0
SKU011,2026-08-21,5,5,62,0.0
SKU011,2026-08-22,4,4,58,0.0
SKU011,2026-08-23,1,1,57,0.0
SKU011,2026-08-24,5,5,52,0.0
SKU011,2026-08-25,8,8,44,0.0
SKU011,2026-08-26,3,3,41,0.0
SKU011,2026-08-27,7,7,34,0.0
SKU011,2026-08-28,6,6,28,0.0
SKU011,2026-08-29,3,3,25,0.0
SKU011,2026-08-30,9,9,16,0.0
SKU011,2026-08-31,3,3,13,0.0
SKU011,2026-09-01,7,7,70,0.0
SKU011,2026-09-02,6,6,64,0.0
SKU011,2026-09-03,5,5,59,0.0
SKU011,2026-09-04,6,6,53,0.0
SKU011,2026-09-05,5,5,48,0.0
SKU011,2026-09-06,9,9,39,0.0
SKU011,2026-09-07,3,3,36,0.0
SKU011,2026-09-08,6,6,30,0.0
SKU011,2026-09-09,6,6,24,0.0
SKU011,2026-09-10,4,4,20,0.8
SKU011,2026-09-11,8,8,12,0.8
SKU011,2026-09-12,10,10,2,0.8
SKU011,2026-09-13,6,2,56,0.8
SKU011,2026-09-14,6,6,50,0.8
SKU011,2026-09-15,8,8,42,0.8
SKU011,2026-09-16,9,9,33,0.8
SKU011,2026-09-17,6,6,27,0.8
SKU011,2026-09-18,12,12,15,0.8
SKU011,2026-09-19,10,10,5,0.8
SKU011,2026-09-20,9,5,0,0.8
SKU011,2026-09-21,7,0,0,0.0
SKU011,2026-09-22,2,0,0,0.0
SKU011,2026-09-23,4,0,77,0.0
SKU011,2026-09-24,4,4,73,0.0
SKU011,2026-09-25,5,5,68,0.0
SKU011,2026-09-26,2,2,66,0.0
SKU011,2026-09-27,6,6,60,0.0
SKU011,2026-09-28,5,5,55,0.0
SKU011,2026-09-29,2,2,53,0.0
SKU011,2026-09-30,7,7,46,0.0
SKU011,2026-10-01,6,6,40,0.0
SKU011,2026-10-02,4,4,36,0.0
SKU011,2026-10-03,6,6,30,0.0
SKU011,2026-10-04,8,8,22,0.0
SKU011,2026-10-05,2,2,20,0.0
SKU011,2026-10-06,5,5,15,0.0
SKU012,2026-07-09,11,11,59,0.0
SKU012,2026-07-10,9,9,50,0.0
SKU012,2026-07-11,16,16,34,0.0
SKU012,2026-07-12,11,11,23,0.0
SKU012,2026-07-13,11,11,12,0.0
SKU012,2026-07-14,12,12,0,0.0
SKU012,2026-07-15,7,0,0,0.0
SKU012,2026-07-16,10,0,0,0.0
SKU012,2026-07-17,6,0,0,0.0
SKU012,2026-07-18,14,0,0,0.0
SKU012,2026-07-19,24,0,67,0.0
SKU012,2026-07-20,11,11,56,0.0
SKU012,2026-07-21,12,12,44,0.0
SKU012,2026-07-22,9,9,35,0.0
SKU012,2026-07-23,6,6,29,0.0
SKU012,2026-07-24,12,12,17,0.0
SKU012,2026-07-25,15,15,2,0.0
SKU012,2026-07-26,16,2,76,0.0
SKU012,2026-07-27,9,9,67,0.0
SKU012,2026-07-28,10,10,57,0.0
SKU012,2026-07-29,18,18,39,0.0
SKU012,2026-07-30,8,8,31,0.0
SKU012,2026-07-31,11,11,20,0.0
SKU012,2026-08-01,18,18,2,0.0
SKU012,2026-08-02,21,2,73,0.0
SKU012,2026-08-03,9,9,64,0.0
SKU012,2026-08-04,11,11,53,0.0
SKU012,2026-08-05,16,16,37,0.0
SKU012,2026-08-06,16,16,21,0.0
SKU012,2026-08-07,12,12,78,0.0
SKU012,2026-08-08,8,8,70,0.0
SKU012,2026-08-09,8,8,62,0.0
SKU012,2026-08-10,14,14,48,0.0
SKU012,2026-08-11,6,6,42,0.0
SKU012,2026-08-12,7,7,35,0.0
SKU012,2026-08-13,14,14,21,0.0
SKU012,2026-08-14,12,12,9,0.0
SKU012,2026-08-15,16,9,65,0.0
SKU012,2026-08-16,13,13,52,0.0
SKU012,2026-08-17,11,11,41,0.0
SKU012,2026-08-18,13,13,28,0.0
SKU012,2026-08-19,13,13,15,0.0
SKU012,2026-08-20,14,14,1,0.0
SKU012,2026-08-21,16,1,0,0.0
SKU012,2026-08-22,13,0,0,0.0
SKU012,2026-08-23,21,0,0,0.0
SKU012,2026-08-24,13,0,48,0.0
SKU012,2026-08-25,8,8,40,0.0
SKU012,2026-08-26,7,7,33,0.0
SKU012,2026-08-27,9,9,24,0.0
SKU012,2026-08-28,13,13,11,0.0
SKU012,2026-08-29,13,11,0,0.0
SKU012,2026-08-30,19,0,57,0.0
SKU012,2026-08-31,16,16,41,0.0
SKU012,2026-09-01,5,5,36,0.0
SKU012,2026-09-02,12,12,24,0.0
SKU012,2026-09-03,9,9,15,0.0
SKU012,2026-09-04,13,13,70,0.0
SKU012,2026-09-05,18,18,52,0.0
SKU012,2026-09-06,8,8,44,0.0
SKU012,2026-09-07,10,10,34,0.0
SKU012,2026-09-08,8,8,26,0.0
SKU012,2026-09-09,4,4,22,0.0
SKU012,2026-09-10,11,11,11,0.0
SKU012,2026-09-11,10,10,1,0.0
SKU012,2026-09-12,10,1,0,0.0
SKU012,2026-09-13,7,0,0,0.0
SKU012,2026-09-14,24,0,0,0.8
SKU012,2026-09-15,20,0,0,0.8
SKU012,2026-09-16,21,0,0,0.8
SKU012,2026-09-17,14,0,61,0.8
SKU012,2026-09-18,16,16,45,0.8
SKU012,2026-09-19,23,23,22,0.8
SKU012,2026-09-20,27,22,0,0.8
SKU012,2026-09-21,15,0,0,0.8
SKU012,2026-09-22,17,0,0,0.8
SKU012,2026-09-23,29,0,0,0.8
SKU012,2026-09-24,20,0,0,0.8
SKU012,2026-09-25,13,0,0,0.0
SKU012,2026-09-26,13,0,0,0.0
SKU012,2026-09-27,13,0,0,0.0
SKU012,2026-09-28,12,0,62,0.0
SKU012,2026-09-29,13,13,49,0.0
SKU012,2026-09-30,10,10,39,0.0
SKU012,2026-10-01,16,16,23,0.0
SKU012,2026-10-02,12,12,11,0.0
SKU012,2026-10-03,15,11,45,0.0
SKU012,2026-10-04,18,18,27,0.0
SKU012,2026-10-05,10,10,17,0.0
SKU012,2026-10-06,17,17,48,0.0
SKU013,2026-07-09,5,5,90,0.0
SKU013,2026-07-10,8,8,82,0.0
SKU013,2026-07-11,2,2,80,0.0
SKU013,2026-07-12,3,3,77,0.0
SKU013,2026-07-13,7,7,70,0.0
SKU013,2026-07-14,3,3,67,0.0
SKU013,2026-07-15,7,7,60,0.0
SKU013,2026-07-16,2,2,58,0.0
SKU013,2026-07-17,4,4,54,0.0
SKU013,2026-07-18,3,3,51,0.0
SKU013,2026-07-19,4,4,47,0.0
SKU013,2026-07-20,4,4,43,0.0
SKU013,2026-07-21,5,5,38,0.0
SKU013,2026-07-22,6,6,32,0.0
SKU013,2026-07-23,2,2,30,0.0
SKU013,2026-07-24,7,7,23,0.0
SKU013,2026-07-25,6,6,17,0.0
SKU013,2026-07-26,4,4,13,0.0
SKU013,2026-07-27,3,3,10,0.0
SKU013,2026-07-28,6,6,68,0.0
SKU013,2026-07-29,1,1,67,0.0
SKU013,2026-07-30,4,4,63,0.0
SKU013,2026-07-31,5,5,58,0.0
SKU013,2026-08-01,6,6,52,0.0
SKU013,2026-08-02,4,4,48,0.0
SKU013,2026-08-03,8,8,40,0.0
SKU013,2026-08-04,6,6,34,0.0
SKU013,2026-08-05,4,4,30,0.0
SKU013,2026-08-06,3,3,27,0.0
SKU013,2026-08-07,2,2,25,0.0
SKU013,2026-08-08,7,7,18,0.0
SKU013,2026-08-09,8,8,10,0.8
SKU013,2026-08-10,7,7,3,0.8
SKU013,2026-08-11,5,3,66,0.8
SKU013,2026-08-12,9,9,57,0.8
SKU013,2026-08-13,1,1,56,0.8
SKU013,2026-08-14,10,10,46,0.8
SKU013,2026-08-15,7,7,39,0.8
SKU013,2026-08-16,10,10,29,0.8
SKU013,2026-08-17,2,2,27,0.8
SKU013,2026-08-18,7,7,20,0.8
SKU013,2026-08-19,5,5,15,0.8
SKU013,2026-08-20,2,2,13,0.0
SKU013,2026-08-21,5,5,8,0.0
SKU013,2026-08-22,4,4,4,0.0
SKU013,2026-08-23,4,4,0,0.0
SKU013,2026-08-24,6,0,46,0.0
SKU013,2026-08-25,5,5,41,0.0
SKU013,2026-08-26,2,2,39,0.0
SKU013,2026-08-27,3,3,36,0.0
SKU013,2026-08-28,4,4,32,0.0
SKU013,2026-08-29,5,5,27,0.0
SKU013,2026-08-30,8,8,19,0.0
SKU013,2026-08-31,7,7,12,0.0
SKU013,2026-09-01,7,7,5,0.0
SKU013,2026-09-02,2,2,3,0.0
SKU013,2026-09-03,5,3,0,0.0
SKU013,2026-09-04,5,0,0,0.0
SKU013,2026-09-05,5,0,0,0.0
SKU013,2026-09-06,7,0,79,0.0
SKU013,2026-09-07,1,1,78,0.0
SKU013,2026-09-08,2,2,76,0.0
SKU013,2026-09-09,9,9,67,0.0
SKU013,2026-09-10,1,1,66,0.0
SKU013,2026-09-11,4,4,62,0.0
SKU013,2026-09-12,8,8,54,0.0
SKU013,2026-09-13,5,5,49,0.0
SKU013,2026-09-14,2,2,47,0.0
SKU013,2026-09-15,6,6,41,0.0
SKU013,2026-09-16,2,2,39,0.0
SKU013,2026-09-17,5,5,34,0.0
SKU013,2026-09-18,9,9,25,0.0
SKU013,2026-09-19,1,1,24,0.0
SKU013,2026-09-20,9,9,15,0.0
SKU013,2026-09-21,5,5,10,0.0
SKU013,2026-09-22,7,7,3,0.0
SKU013,2026-09-23,1,1,66,0.0
SKU013,2026-09-24,8,8,58,0.0
SKU013,2026-09-25,5,5,53,0.0
SKU013,2026-09-26,9,9,44,0.0
SKU013,2026-09-27,4,4,40,0.0
SKU013,2026-09-28,2,2,38,0.0
SKU013,2026-09-29,6,6,32,0.0
SKU013,2026-09-30,3,3,29,0.0
SKU013,2026-10-01,5,5,24,0.0
SKU013,2026-10-02,3,3,21,0.0
SKU013,2026-10-03,8,8,13,0.0
SKU013,2026-10-04,5,5,70,0.0
SKU013,2026-10-05,4,4,66,0.0
SKU013,2026-10-06,5,5,61,0.0
SKU014,2026-07-09,2,2,103,0.0
SKU014,2026-07-10,7,7,96,0.0
SKU014,2026-07-11,3,3,93,0.0
SKU014,2026-07-12,1,1,92,0.0
SKU014,2026-07-13,3,3,89,0.0
SKU014,2026-07-14,3,3,86,0.0
SKU014,2026-07-15,3,3,83,0.0
SKU014,2026-07-16,1,1,82,0.0
SKU014,2026-07-17,2,2,80,0.0
SKU014,2026-07-18,2,2,78,0.0
SKU014,2026-07-19,5,5,73,0.0
SKU014,2026-07-20,0,0,73,0.0
SKU014,2026-07-21,4,4,69,0.0
SKU014,2026-07-22,4,4,65,0.0
SKU014,2026-07-23,2,2,63,0.0
SKU014,2026-07-24,2,2,61,0.0
SKU014,2026-07-25,6,6,55,0.0
SKU014,2026-07-26,1,1,54,0.0
SKU014,2026-07-27,4,4,50,0.0
SKU014,2026-07-28,4,4,46,0.0
SKU014,2026-07-29,2,2,44,0.0
SKU014,2026-07-30,3,3,41,0.0
SKU014,2026-07-31,0,0,41,0.0
SKU014,2026-08-01,3,3,38,0.0
SKU014,2026-08-02,4,4,34,0.0
SKU014,2026-08-03,2,2,32,0.0
SKU014,2026-08-04,3,3,29,0.0
SKU014,2026-08-05,1,1,28,0.0
SKU014,2026-08-06,2,2,26,0.0
SKU014,2026-08-07,3,3,23,0.0
SKU014,2026-08-08,5,5,18,0.0
SKU014,2026-08-09,2,2,16,0.0
SKU014,2026-08-10,3,3,13,0.0
SKU014,2026-08-11,4,4,77,0.0
SKU014,2026-08-12,4,4,73,0.0
SKU014,2026-08-13,2,2,71,0.0
SKU014,2026-08-14,4,4,67,0.0
SKU014,2026-08-15,2,2,65,0.0
SKU014,2026-08-16,4,4,61,0.0
SKU014,2026-08-17,4,4,57,0.0
SKU014,2026-08-18,2,2,55,0.0
SKU014,2026-08-19,4,4,51,0.0
SKU014,2026-08-20,2,2,49,0.0
SKU014,2026-08-21,3,3,46,0.0
SKU014,2026-08-22,4,4,42,0.0
SKU014,2026-08-23,3,3,39,0.0
SKU014,2026-08-24,3,3,36,0.0
SKU014,2026-08-25,3,3,33,0.0
SKU014,2026-08-26,1,1,32,0.0
SKU014,2026-08-27,4,4,28,0.0
SKU014,2026-08-28,2,2,26,0.0
SKU014,2026-08-29,6,6,20,0.0
SKU014,2026-08-30,5,5,15,0.0
SKU014,2026-08-31,3,3,12,0.0
SKU014,2026-09-01,3,3,9,0.0
SKU014,2026-09-02,3,3,77,0.0
SKU014,2026-09-03,8,8,69,0.8
SKU014,2026-09-04,7,7,62,0.8
SKU014,2026-09-05,7,7,55,0.8
SKU014,2026-09-06,6,6,49,0.8
SKU014,2026-09-07,5,5,44,0.8
SKU014,2026-09-08,5,5,39,0.8
SKU014,2026-09-09,3,3,36,0.8
SKU014,2026-09-10,7,7,29,0.8
SKU014,2026-09-11,3,3,26,0.8
SKU014,2026-09-12,0,0,26,0.8
SKU014,2026-09-13,7,7,19,0.8
SKU014,2026-09-14,4,4,15,0.0
SKU014,2026-09-15,2,2,13,0.0
SKU014,2026-09-16,3,3,10,0.0
SKU014,2026-09-17,4,4,6,0.0
SKU014,2026-09-18,3,3,3,0.0
SKU014,2026-09-19,7,3,0,0.0
SKU014,2026-09-20,3,0,0,0.0
SKU014,2026-09-21,0,0,71,0.0
SKU014,2026-09-22,4,4,67,0.0
SKU014,2026-09-23,3,3,64,0.0
SKU014,2026-09-24,0,0,64,0.0
SKU014,2026-09-25,2,2,62,0.0
SKU014,2026-09-26,8,8,54,0.0
SKU014,2026-09-27,3,3,51,0.0
SKU014,2026-09-28,2,2,49,0.0
SKU014,2026-09-29,4,4,45,0.0
SKU014,2026-09-30,4,4,41,0.0
SKU014,2026-10-01,1,1,40,0.0
SKU014,2026-10-02,3,3,37,0.0
SKU014,2026-10-03,2,2,35,0.0
SKU014,2026-10-04,3,3,32,0.0
SKU014,2026-10-05,2,2,30,0.0
SKU014,2026-10-06,2,2,28,0.0
SKU015,2026-07-09,18,18,57,0.0
SKU015,2026-07-10,10,10,47,0.0
SKU015,2026-07-11,15,15,32,0.0
SKU015,2026-07-12,13,13,19,0.0
SKU015,2026-07-13,13,13,6,0.0
SKU015,2026-07-14,12,6,0,0.0
SKU015,2026-07-15,10,0,0,0.0
SKU015,2026-07-16,3,0,43,0.0
SKU015,2026-07-17,21,21,22,0.0
SKU015,2026-07-18,16,16,6,0.0
SKU015,2026-07-19,17,6,0,0.0
SKU015,2026-07-20,12,0,0,0.0
SKU015,2026-07-21,18,0,0,0.0
SKU015,2026-07-22,13,0,67,0.0
SKU015,2026-07-23,15,15,52,0.0
SKU015,2026-07-24,17,17,35,0.0
SKU015,2026-07-25,15,15,20,0.0
SKU015,2026-07-26,16,16,75,0.0
SKU015,2026-07-27,10,10,65,0.0
SKU015,2026-07-28,11,11,54,0.0
SKU015,2026-07-29,12,12,42,0.0
SKU015,2026-07-30,15,15,27,0.0
SKU015,2026-07-31,21,21,65,0.0
SKU015,2026-08-01,24,24,41,0.0
SKU015,2026-08-02,20,20,21,0.0
SKU015,2026-08-03,11,11,10,0.0
SKU015,2026-08-04,14,10,52,0.0
SKU015,2026-08-05,12,12,40,0.0
SKU015,2026-08-06,11,11,29,0.0
SKU015,2026-08-07,14,14,15,0.0
SKU015,2026-08-08,10,10,5,0.0
SKU015,2026-08-09,13,5,0,0.0
SKU015,2026-08-10,17,0,0,0.0
SKU015,2026-08-11,8,0,0,0.0
SKU015,2026-08-12,15,0,72,0.0
SKU015,2026-08-13,19,19,53,0.0
SKU015,2026-08-14,18,18,35,0.0
SKU015,2026-08-15,12,12,23,0.0
SKU015,2026-08-16,19,19,4,0.0
SKU015,2026-08-17,11,4,0,0.0
SKU015,2026-08-18,12,0,0,0.0
SKU015,2026-08-19,14,0,0,0.0
SKU015,2026-08-20,12,0,0,0.0
SKU015,2026-08-21,12,0,0,0.0
SKU015,2026-08-22,16,0,75,0.0
SKU015,2026-08-23,19,19,56,0.0
SKU015,2026-08-24,20,20,36,0.0
SKU015,2026-08-25,15,15,21,0.0
SKU015,2026-08-26,20,20,1,0.8
SKU015,2026-08-27,23,1,0,0.8
SKU015,2026-08-28,20,0,0,0.8
SKU015,2026-08-29,28,0,0,0.8
SKU015,2026-08-30,40,0,56,0.8
SKU015,2026-08-31,26,26,30,0.8
SKU015,2026-09-01,26,26,47,0.8
SKU015,2026-09-02,23,23,24,0.8
SKU015,2026-09-03,27,24,0,0.8
SKU015,2026-09-04,26,0,0,0.8
SKU015,2026-09-05,28,0,0,0.8
SKU015,2026-09-06,20,0,0,0.0
SKU015,2026-09-07,15,0,0,0.0
SKU015,2026-09-08,12,0,40,0.0
SKU015,2026-09-09,9,9,31,0.0
SKU015,2026-09-10,18,18,13,0.0
SKU015,2026-09-11,13,13,0,0.0
SKU015,2026-09-12,24,0,0,0.0
SKU015,2026-09-13,17,0,55,0.0
SKU015,2026-09-14,17,17,38,0.0
SKU015,2026-09-15,15,15,23,0.0
SKU015,2026-09-16,14,14,56,0.0
SKU015,2026-09-17,13,13,43,0.0
SKU015,2026-09-18,7,7,36,0.0
SKU015,2026-09-19,13,13,23,0.0
SKU015,2026-09-20,20,20,3,0.0
SKU015,2026-09-21,12,3,0,0.0
SKU015,2026-09-22,14,0,63,0.0
SKU015,2026-09-23,14,14,49,0.0
SKU015,2026-09-24,14,14,35,0.0
SKU015,2026-09-25,13,13,22,0.0
SKU015,2026-09-26,15,15,7,0.0
SKU015,2026-09-27,20,7,0,0.0
SKU015,2026-09-28,12,0,0,0.0
SKU015,2026-09-29,16,0,54,0.0
SKU015,2026-09-30,12,12,42,0.0
SKU015,2026-10-01,14,14,28,0.0
SKU015,2026-10-02,15,15,13,0.0
SKU015,2026-10-03,22,13,0,0.0
SKU015,2026-10-04,13,0,0,0.0
SKU015,2026-10-05,14,0,0,0.0
SKU015,2026-10-06,16,0,0,0.0
SKU016,2026-07-09,3,3,77,0.0
SKU016,2026-07-10,2,2,75,0.0
SKU016,2026-07-11,4,4,71,0.0
SKU016,2026-07-12,3,3,68,0.0
SKU016,2026-07-13,4,4,64,0.0
SKU016,2026-07-14,2,2,62,0.0
SKU016,2026-07-15,4,4,58,0.0
SKU016,2026-07-16,2,2,56,0.0
SKU016,2026-07-17,2,2,54,0.0
SKU016,2026-07-18,3,3,51,0.0
SKU016,2026-07-19,3,3,48,0.0
SKU016,2026-07-20,2,2,46,0.0
SKU016,2026-07-21,5,5,41,0.0
SKU016,2026-07-22,3,3,38,0.0
SKU016,2026-07-23,1,1,37,0.0
SKU016,2026-07-24,3,3,34,0.0
SKU016,2026-07-25,5,5,29,0.0
SKU016,2026-07-26,3,3,26,0.0
SKU016,2026-07-27,1,1,25,0.0
SKU016,2026-07-28,5,5,20,0.0
SKU016,2026-07-29,4,4,16,0.0
SKU016,2026-07-30,0,0,16,0.0
SKU016,2026-07-31,3,3,13,0.0
SKU016,2026-08-01,2,2,11,0.0
SKU016,2026-08-02,3,3,8,0.0
SKU016,2026-08-03,2,2,6,0.0
SKU016,2026-08-04,2,2,4,0.0
SKU016,2026-08-05,4,4,0,0.0
SKU016,2026-08-06,6,0,0,0.0
SKU016,2026-08-07,1,0,0,0.0
SKU016,2026-08-08,3,0,49,0.0
SKU016,2026-08-09,2,2,47,0.0
SKU016,2026-08-10,3,3,44,0.0
SKU016,2026-08-11,2,2,42,0.0
SKU016,2026-08-12,3,3,39,0.0
SKU016,2026-08-13,2,2,37,0.0
SKU016,2026-08-14,1,1,36,0.0
SKU016,2026-08-15,2,2,34,0.0
SKU016,2026-08-16,3,3,31,0.0
SKU016,2026-08-17,3,3,28,0.0
SKU016,2026-08-18,4,4,24,0.0
SKU016,2026-08-19,3,3,21,0.0
SKU016,2026-08-20,0,0,21,0.0
SKU016,2026-08-21,1,1,20,0.0
SKU016,2026-08-22,5,5,15,0.0
SKU016,2026-08-23,2,2,13,0.0
SKU016,2026-08-24,2,2,11,0.0
SKU016,2026-08-25,4,4,7,0.0
SKU016,2026-08-26,1,1,70,0.0
SKU016,2026-08-27,4,4,66,0.0
SKU016,2026-08-28,2,2,64,0.0
SKU016,2026-08-29,4,4,60,0.0
SKU016,2026-08-30,5,5,55,0.0
SKU016,2026-08-31,3,3,52,0.0
SKU016,2026-09-01,4,4,48,0.0
SKU016,2026-09-02,3,3,45,0.0
SKU016,2026-09-03,1,1,44,0.0
SKU016,2026-09-04,1,1,43,0.0
SKU016,2026-09-05,2,2,41,0.0
SKU016,2026-09-06,2,2,39,0.0
SKU016,2026-09-07,3,3,36,0.0
SKU016,2026-09-08,1,1,35,0.0
SKU016,2026-09-09,4,4,31,0.0
SKU016,2026-09-10,3,3,28,0.0
SKU016,2026-09-11,4,4,24,0.8
SKU016,2026-09-12,7,7,17,0.8
SKU016,2026-09-13,7,7,10,0.8
SKU016,2026-09-14,3,3,7,0.8
SKU016,2026-09-15,4,4,3,0.8
SKU016,2026-09-16,5,3,42,0.8
SKU016,2026-09-17,2,2,40,0.8
SKU016,2026-09-18,4,4,36,0.8
SKU016,2026-09-19,10,10,26,0.8
SKU016,2026-09-20,8,8,18,0.8
SKU016,2026-09-21,8,8,10,0.8
SKU016,2026-09-22,0,0,10,0.0
SKU016,2026-09-23,3,3,7,0.0
SKU016,2026-09-24,0,0,80,0.0
SKU016,2026-09-25,1,1,79,0.0
SKU016,2026-09-26,9,9,70,0.0
SKU016,2026-09-27,3,3,67,0.0
SKU016,2026-09-28,5,5,62,0.0
SKU016,2026-09-29,3,3,59,0.0
SKU016,2026-09-30,3,3,56,0.0
SKU016,2026-10-01,4,4,52,0.0
SKU016,2026-10-02,5,5,47,0.0
SKU016,2026-10-03,7,7,40,0.0
SKU016,2026-10-04,3,3,37,0.0
SKU016,2026-10-05,1,1,36,0.0
SKU016,2026-10-06,3,3,33,0.0
SKU017,2026-07-09,9,9,66,0.0
SKU017,2026-07-10,17,17,49,0.0
SKU017,2026-07-11,22,22,27,0.0
SKU017,2026-07-12,26,26,1,0.0
SKU017,2026-07-13,13,1,0,0.0
SKU017,2026-07-14,9,0,0,0.0
SKU017,2026-07-15,17,0,0,0.0
SKU017,2026-07-16,8,0,0,0.0
SKU017,2026-07-17,14,0,0,0.0
SKU017,2026-07-18,18,0,0,0.0
SKU017,2026-07-19,20,0,0,0.0
SKU017,2026-07-20,14,0,0,0.0
SKU017,2026-07-21,16,0,45,0.0
SKU017,2026-07-22,21,21,24,0.0
SKU017,2026-07-23,12,12,12,0.0
SKU017,2026-07-24,16,12,70,0.0
SKU017,2026-07-25,24,24,46,0.0
SKU017,2026-07-26,20,20,26,0.0
SKU017,2026-07-27,15,15,11,0.0
SKU017,2026-07-28,10,10,65,0.0
SKU017,2026-07-29,18,18,47,0.0
SKU017,2026-07-30,23,23,24,0.0
SKU017,2026-07-31,15,15,9,0.0
SKU017,2026-08-01,15,9,0,0.0
SKU017,2026-08-02,12,0,66,0.0
SKU017,2026-08-03,13,13,53,0.0
SKU017,2026-08-04,15,15,38,0.0
SKU017,2026-08-05,11,11,27,0.0
SKU017,2026-08-06,6,6,21,0.0
SKU017,2026-08-07,13,13,8,0.0
SKU017,2026-08-08,14,8,0,0.0
SKU017,2026-08-09,17,0,0,0.0
SKU017,2026-08-10,14,0,61,0.0
SKU017,2026-08-11,14,14,47,0.0
SKU017,2026-08-12,17,17,30,0.0
SKU017,2026-08-13,8,8,22,0.0
SKU017,2026-08-14,11,11,11,0.0
SKU017,2026-08-15,20,11,0,0.0
SKU017,2026-08-16,22,0,0,0.0
SKU017,2026-08-17,9,0,0,0.0
SKU017,2026-08-18,20,0,40,0.0
SKU017,2026-08-19,14,14,26,0.0
SKU017,2026-08-20,13,13,13,0.0
SKU017,2026-08-21,16,13,0,0.0
SKU017,2026-08-22,15,0,70,0.0
SKU017,2026-08-23,14,14,56,0.0
SKU017,2026-08-24,20,20,36,0.0
SKU017,2026-08-25,12,12,24,0.0
SKU017,2026-08-26,22,22,2,0.8
SKU017,2026-08-27,28,2,0,0.8
SKU017,2026-08-28,13,0,0,0.8
SKU017,2026-08-29,36,0,0,0.8
SKU017,2026-08-30,27,0,76,0.8
SKU017,2026-08-31,18,18,58,0.8
SKU017,2026-09-01,18,18,40,0.8
SKU017,2026-09-02,14,14,26,0.8
SKU017,2026-09-03,19,19,7,0.8
SKU017,2026-09-04,33,7,0,0.8
SKU017,2026-09-05,35,0,0,0.8
SKU017,2026-09-06,16,0,0,0.0
SKU017,2026-09-07,14,0,0,0.0
SKU017,2026-09-08,14,0,0,0.0
SKU017,2026-09-09,9,0,0,0.0
SKU017,2026-09-10,12,0,41,0.0
SKU017,2026-09-11,20,20,21,0.0
SKU017,2026-09-12,17,17,4,0.0
SKU017,2026-09-13,18,4,0,0.0
SKU017,2026-09-14,14,0,52,0.0
SKU017,2026-09-15,12,12,40,0.0
SKU017,2026-09-16,15,15,25,0.0
SKU017,2026-09-17,11,11,14,0.0
SKU017,2026-09-18,8,8,6,0.0
SKU017,2026-09-19,20,6,0,0.0
SKU017,2026-09-20,15,0,0,0.0
SKU017,2026-09-21,14,0,64,0.0
SKU017,2026-09-22,15,15,49,0.0
SKU017,2026-09-23,11,11,38,0.0
SKU017,2026-09-24,18,18,20,0.0
SKU017,2026-09-25,15,15,77,0.0
SKU017,2026-09-26,16,16,61,0.0
SKU017,2026-09-27,20,20,41,0.0
SKU017,2026-09-28,20,20,21,0.0
SKU017,2026-09-29,10,10,11,0.0
SKU017,2026-09-30,4,4,7,0.0
SKU017,2026-10-01,11,7,67,0.0
SKU017,2026-10-02,10,10,57,0.0
SKU017,2026-10-03,22,22,35,0.0
SKU017,2026-10-04,16,16,19,0.0
SKU017,2026-10-05,13,13,6,0.0
SKU017,2026-10-06,14,6,0,0.0
SKU018,2026-07-09,6,6,64,0.0
SKU018,2026-07-10,3,3,61,0.0
SKU018,2026-07-11,2,2,59,0.0
SKU018,2026-07-12,5,5,54,0.0
SKU018,2026-07-13,2,2,52,0.0
SKU018,2026-07-14,4,4,48,0.0
SKU018,2026-07-15,3,3,45,0.0
SKU018,2026-07-16,3,3,42,0.0
SKU018,2026-07-17,4,4,38,0.0
SKU018,2026-07-18,0,0,38,0.0
SKU018,2026-07-19,3,3,35,0.0
SKU018,2026-07-20,5,5,30,0.0
SKU018,2026-07-21,3,3,27,0.0
SKU018,2026-07-22,2,2,25,0.0
SKU018,2026-07-23,2,2,23,0.0
SKU018,2026-07-24,4,4,19,0.0
SKU018,2026-07-25,5,5,14,0.0
SKU018,2026-07-26,6,6,8,0.0
SKU018,2026-07-27,3,3,5,0.0
SKU018,2026-07-28,2,2,3,0.0
SKU018,2026-07-29,6,3,0,0.0
SKU018,2026-07-30,2,0,0,0.0
SKU018,2026-07-31,0,0,0,0.0
SKU018,2026-08-01,2,0,0,0.0
SKU018,2026-08-02,1,0,0,0.0
SKU018,2026-08-03,2,0,0,0.0
SKU018,2026-08-04,1,0,0,0.0
SKU018,2026-08-05,1,0,0,0.0
SKU018,2026-08-06,2,0,0,0.0
SKU018,2026-08-07,5,0,77,0.0
SKU018,2026-08-08,5,5,72,0.0
SKU018,2026-08-09,3,3,69,0.0
SKU018,2026-08-10,1,1,68,0.0
SKU018,2026-08-11,1,1,67,0.0
SKU018,2026-08-12,4,4,63,0.0
SKU018,2026-08-13,4,4,59,0.0
SKU018,2026-08-14,3,3,56,0.0
SKU018,2026-08-15,5,5,51,0.0
SKU018,2026-08-16,5,5,46,0.0
SKU018,2026-08-17,1,1,45,0.0
SKU018,2026-08-18,3,3,42,0.0
SKU018,2026-08-19,2,2,40,0.0
SKU018,2026-08-20,4,4,36,0.0
SKU018,2026-08-21,1,1,35,0.0
SKU018,2026-08-22,6,6,29,0.0
SKU018,2026-08-23,7,7,22,0.0
SKU018,2026-08-24,3,3,19,0.0
SKU018,2026-08-25,3,3,16,0.0
SKU018,2026-08-26,2,2,14,0.0
SKU018,2026-08-27,5,5,63,0.0
SKU018,2026-08-28,3,3,60,0.0
SKU018,2026-08-29,3,3,57,0.0
SKU018,2026-08-30,5,5,52,0.0
SKU018,2026-08-31,3,3,49,0.0
SKU018,2026-09-01,3,3,46,0.0
SKU018,2026-09-02,0,0,46,0.0
SKU018,2026-09-03,2,2,44,0.0
SKU018,2026-09-04,1,1,43,0.0
SKU018,2026-09-05,2,2,41,0.0
SKU018,2026-09-06,6,6,35,0.0
SKU018,2026-09-07,5,5,30,0.0
SKU018,2026-09-08,4,4,26,0.8
SKU018,2026-09-09,6,6,20,0.8
SKU018,2026-09-10,8,8,12,0.8
SKU018,2026-09-11,4,4,8,0.8
SKU018,2026-09-12,9,8,0,0.8
SKU018,2026-09-13,3,0,0,0.8
SKU018,2026-09-14,5,0,0,0.8
SKU018,2026-09-15,5,0,0,0.8
SKU018,2026-09-16,5,0,0,0.8
SKU018,2026-09-17,6,0,0,0.8
SKU018,2026-09-18,6,0,0,0.8
SKU018,2026-09-19,4,0,45,0.0
SKU018,2026-09-20,3,3,42,0.0
SKU018,2026-09-21,2,2,40,0.0
SKU018,2026-09-22,3,3,37,0.0
SKU018,2026-09-23,2,2,35,0.0
SKU018,2026-09-24,0,0,35,0.0
SKU018,2026-09-25,2,2,33,0.0
SKU018,2026-09-26,5,5,28,0.0
SKU018,2026-09-27,1,1,27,0.0
SKU018,2026-09-28,2,2,25,0.0
SKU018,2026-09-29,10,10,15,0.0
SKU018,2026-09-30,3,3,12,0.0
SKU018,2026-10-01,3,3,9,0.0
SKU018,2026-10-02,4,4,68,0.0
SKU018,2026-10-03,3,3,65,0.0
SKU018,2026-10-04,5,5,60,0.0
SKU018,2026-10-05,1,1,59,0.0
SKU018,2026-10-06,3,3,56,0.0
SKU019,2026-07-09,11,11,64,0.0
SKU019,2026-07-10,4,4,60,0.0
SKU019,2026-07-11,14,14,46,0.0
SKU019,2026-07-12,14,14,32,0.0
SKU019,2026-07-13,8,8,24,0.0
SKU019,2026-07-14,8,8,16,0.0
SKU019,2026-07-15,10,10,6,0.0
SKU019,2026-07-16,6,6,0,0.0
SKU019,2026-07-17,7,0,0,0.0
SKU019,2026-07-18,12,0,0,0.0
SKU019,2026-07-19,9,0,58,0.0
SKU019,2026-07-20,9,9,49,0.0
SKU019,2026-07-21,7,7,42,0.0
SKU019,2026-07-22,5,5,37,0.0
SKU019,2026-07-23,13,13,24,0.0
SKU019,2026-07-24,13,13,11,0.0
SKU019,2026-07-25,13,11,0,0.0
SKU019,2026-07-26,11,0,69,0.0
SKU019,2026-07-27,12,12,57,0.0
SKU019,2026-07-28,11,11,46,0.0
SKU019,2026-07-29,16,16,30,0.0
SKU019,2026-07-30,3,3,27,0.0
SKU019,2026-07-31,8,8,19,0.0
SKU019,2026-08-01,10,10,62,0.0
SKU019,2026-08-02,17,17,45,0.0
SKU019,2026-08-03,13,13,32,0.0
SKU019,2026-08-04,7,7,25,0.0
SKU019,2026-08-05,9,9,16,0.0
SKU019,2026-08-06,10,10,6,0.0
SKU019,2026-08-07,11,6,0,0.0
SKU019,2026-08-08,18,0,50,0.0
SKU019,2026-08-09,15,15,35,0.0
SKU019,2026-08-10,11,11,24,0.0
SKU019,2026-08-11,10,10,14,0.0
SKU019,2026-08-12,14,14,0,0.0
SKU019,2026-08-13,13,0,0,0.0
SKU019,2026-08-14,8,0,44,0.0
SKU019,2026-08-15,10,10,34,0.0
SKU019,2026-08-16,8,8,26,0.0
SKU019,2026-08-17,7,7,19,0.0
SKU019,2026-08-18,6,6,13,0.0
SKU019,2026-08-19,5,5,8,0.0
SKU019,2026-08-20,8,8,0,0.0
SKU019,2026-08-21,15,0,68,0.0
SKU019,2026-08-22,10,10,58,0.0
SKU019,2026-08-23,16,16,42,0.0
SKU019,2026-08-24,11,11,31,0.0
SKU019,2026-08-25,8,8,23,0.0
SKU019,2026-08-26,9,9,14,0.0
SKU019,2026-08-27,7,7,7,0.0
SKU019,2026-08-28,5,5,2,0.0
SKU019,2026-08-29,13,2,76,0.0
SKU019,2026-08-30,14,14,62,0.0
SKU019,2026-08-31,4,4,58,0.0
SKU019,2026-09-01,13,13,45,0.0
SKU019,2026-09-02,9,9,36,0.0
SKU019,2026-09-03,16,16,20,0.0
SKU019,2026-09-04,7,7,13,0.0
SKU019,2026-09-05,16,13,0,0.0
SKU019,2026-09-06,15,0,56,0.0
SKU019,2026-09-07,7,7,49,0.0
SKU019,2026-09-08,10,10,39,0.0
SKU019,2026-09-09,10,10,29,0.0
SKU019,2026-09-10,9,9,20,0.0
SKU019,2026-09-11,20,20,0,0.8
SKU019,2026-09-12,16,0,68,0.8
SKU019,2026-09-13,27,27,41,0.8
SKU019,2026-09-14,15,15,26,0.8
SKU019,2026-09-15,18,18,61,0.8
SKU019,2026-09-16,21,21,40,0.8
SKU019,2026-09-17,12,12,28,0.8
SKU019,2026-09-18,16,16,12,0.8
SKU019,2026-09-19,20,12,0,0.8
SKU019,2026-09-20,24,0,0,0.8
SKU019,2026-09-21,15,0,0,0.8
SKU019,2026-09-22,7,0,0,0.0
SKU019,2026-09-23,9,0,0,0.0
SKU019,2026-09-24,7,0,0,0.0
SKU019,2026-09-25,6,0,0,0.0
SKU019,2026-09-26,14,0,0,0.0
SKU019,2026-09-27,17,0,53,0.0
SKU019,2026-09-28,10,10,43,0.0
SKU019,2026-09-29,10,10,33,0.0
SKU019,2026-09-30,9,9,24,0.0
SKU019,2026-10-01,7,7,17,0.0
SKU019,2026-10-02,6,6,11,0.0
SKU019,2026-10-03,16,11,0,0.0
SKU019,2026-10-04,14,0,64,0.0
SKU019,2026-10-05,7,7,57,0.0
SKU019,2026-10-06,10,10,47,0.0
SKU020,2026-07-09,9,9,71,0.0
SKU020,2026-07-10,8,8,63,0.0
SKU020,2026-07-11,12,12,51,0.0
SKU020,2026-07-12,14,14,37,0.0
SKU020,2026-07-13,7,7,30,0.0
SKU020,2026-07-14,14,14,16,0.0
SKU020,2026-07-15,9,9,58,0.0
SKU020,2026-07-16,10,10,48,0.0
SKU020,2026-07-17,3,3,45,0.0
SKU020,2026-07-18,14,14,31,0.0
SKU020,2026-07-19,12,12,19,0.0
SKU020,2026-07-20,9,9,10,0.0
SKU020,2026-07-21,9,9,1,0.0
SKU020,2026-07-22,8,1,0,0.0
SKU020,2026-07-23,6,0,78,0.0
SKU020,2026-07-24,12,12,66,0.0
SKU020,2026-07-25,13,13,53,0.0
SKU020,2026-07-26,12,12,41,0.0
SKU020,2026-07-27,9,9,32,0.0
SKU020,2026-07-28,10,10,22,0.0
SKU020,2026-07-29,8,8,14,0.0
SKU020,2026-07-30,8,8,6,0.0
SKU020,2026-07-31,15,6,0,0.0
SKU020,2026-08-01,11,0,60,0.0
SKU020,2026-08-02,13,13,47,0.0
SKU020,2026-08-03,8,8,39,0.0
SKU020,2026-08-04,13,13,26,0.0
SKU020,2026-08-05,4,4,22,0.0
SKU020,2026-08-06,5,5,17,0.0
SKU020,2026-08-07,7,7,10,0.0
SKU020,2026-08-08,15,10,0,0.0
SKU020,2026-08-09,18,0,0,0.0
SKU020,2026-08-10,12,0,0,0.0
SKU020,2026-08-11,6,0,0,0.0
SKU020,2026-08-12,11,0,0,0.0
SKU020,2026-08-13,4,0,0,0.0
SKU020,2026-08-14,9,0,0,0.0
SKU020,2026-08-15,8,0,0,0.0
SKU020,2026-08-16,9,0,64,0.0
SKU020,2026-08-17,10,10,54,0.0
SKU020,2026-08-18,8,8,46,0.0
SKU020,2026-08-19,18,18,28,0.0
SKU020,2026-08-20,4,4,24,0.0
SKU020,2026-08-21,7,7,17,0.0
SKU020,2026-08-22,9,9,8,0.0
SKU020,2026-08-23,15,8,0,0.0
SKU020,2026-08-24,11,0,0,0.0
SKU020,2026-08-25,8,0,0,0.0
SKU020,2026-08-26,10,0,0,0.0
SKU020,2026-08-27,8,0,64,0.0
SKU020,2026-08-28,10,10,54,0.0
SKU020,2026-08-29,15,15,39,0.0
SKU020,2026-08-30,8,8,31,0.0
SKU020,2026-08-31,5,5,26,0.0
SKU020,2026-09-01,12,12,14,0.0
SKU020,2026-09-02,3,3,11,0.0
SKU020,2026-09-03,7,7,81,0.0
SKU020,2026-09-04,3,3,78,0.0
SKU020,2026-09-05,12,12,66,0.0
SKU020,2026-09-06,12,12,54,0.0
SKU020,2026-09-07,6,6,48,0.0
SKU020,2026-09-08,9,9,39,0.0
SKU020,2026-09-09,4,4,35,0.0
SKU020,2026-09-10,8,8,27,0.0
SKU020,2026-09-11,19,19,8,0.8
SKU020,2026-09-12,11,8,0,0.8
SKU020,2026-09-13,18,0,69,0.8
SKU020,2026-09-14,14,14,55,0.8
SKU020,2026-09-15,14,14,41,0.8
SKU020,2026-09-16,20,20,21,0.8
SKU020,2026-09-17,12,12,72,0.8
SKU020,2026-09-18,10,10,62,0.8
SKU020,2026-09-19,22,22,40,0.8
SKU020,2026-09-20,11,11,29,0.8
SKU020,2026-09-21,14,14,15,0.8
SKU020,2026-09-22,8,8,7,0.0
SKU020,2026-09-23,7,7,42,0.0
SKU020,2026-09-24,6,6,36,0.0
SKU020,2026-09-25,9,9,27,0.0
SKU020,2026-09-26,15,15,12,0.0
SKU020,2026-09-27,9,9,3,0.0
SKU020,2026-09-28,6,3,0,0.0
SKU020,2026-09-29,4,0,0,0.0
SKU020,2026-09-30,12,0,0,0.0
SKU020,2026-10-01,9,0,55,0.0
SKU020,2026-10-02,7,7,48,0.0
SKU020,2026-10-03,10,10,38,0.0
SKU020,2026-10-04,10,10,28,0.0
SKU020,2026-10-05,8,8,20,0.0
SKU020,2026-10-06,7,7,13,0.0
SKU021,2026-07-09,13,13,57,0.0
SKU021,2026-07-10,15,15,42,0.0
SKU021,2026-07-11,12,12,30,0.0
SKU021,2026-07-12,9,9,21,0.0
SKU021,2026-07-13,15,15,6,0.0
SKU021,2026-07-14,5,5,77,0.0
SKU021,2026-07-15,15,15,62,0.0
SKU021,2026-07-16,19,19,43,0.0
SKU021,2026-07-17,14,14,29,0.0
SKU021,2026-07-18,20,20,9,0.0
SKU021,2026-07-19,10,9,74,0.0
SKU021,2026-07-20,13,13,61,0.0
SKU021,2026-07-21,9,9,52,0.0
SKU021,2026-07-22,9,9,43,0.0
SKU021,2026-07-23,9,9,34,0.0
SKU021,2026-07-24,9,9,25,0.0
SKU021,2026-07-25,21,21,46,0.0
SKU021,2026-07-26,20,20,26,0.0
SKU021,2026-07-27,9,9,17,0.0
SKU021,2026-07-28,16,16,1,0.0
SKU021,2026-07-29,11,1,0,0.0
SKU021,2026-07-30,6,0,0,0.0
SKU021,2026-07-31,13,0,0,0.0
SKU021,2026-08-01,21,0,0,0.0
SKU021,2026-08-02,14,0,0,0.0
SKU021,2026-08-03,12,0,0,0.0
SKU021,2026-08-04,12,0,75,0.0
SKU021,2026-08-05,8,8,67,0.0
SKU021,2026-08-06,9,9,58,0.0
SKU021,2026-08-07,13,13,45,0.0
SKU021,2026-08-08,23,23,22,0.0
SKU021,2026-08-09,22,22,61,0.0
SKU021,2026-08-10,17,17,44,0.0
SKU021,2026-08-11,19,19,25,0.8
SKU021,2026-08-12,23,23,77,0.8
SKU021,2026-08-13,25,25,52,0.8
SKU021,2026-08-14,17,17,35,0.8
SKU021,2026-08-15,35,35,63,0.8
SKU021,2026-08-16,31,31,32,0.8
SKU021,2026-08-17,17,17,15,0.8
SKU021,2026-08-18,19,15,0,0.8
SKU021,2026-08-19,28,0,0,0.8
SKU021,2026-08-20,23,0,0,0.8
SKU021,2026-08-21,27,0,0,0.8
SKU021,2026-08-22,17,0,0,0.0
SKU021,2026-08-23,15,0,0,0.0
SKU021,2026-08-24,19,0,0,0.0
SKU021,2026-08-25,11,0,0,0.0
SKU021,2026-08-26,7,0,0,0.0
SKU021,2026-08-27,20,0,0,0.0
SKU021,2026-08-28,14,0,0,0.0
SKU021,2026-08-29,21,0,0,0.0
SKU021,2026-08-30,14,0,0,0.0
SKU021,2026-08-31,10,0,0,0.0
SKU021,2026-09-01,13,0,75,0.0
SKU021,2026-09-02,11,11,64,0.0
SKU021,2026-09-03,13,13,51,0.0
SKU021,2026-09-04,7,7,44,0.0
SKU021,2026-09-05,17,17,27,0.0
SKU021,2026-09-06,13,13,14,0.0
SKU021,2026-09-07,13,13,1,0.0
SKU021,2026-09-08,14,1,0,0.0
SKU021,2026-09-09,16,0,53,0.0
SKU021,2026-09-10,11,11,42,0.0
SKU021,2026-09-11,11,11,31,0.0
SKU021,2026-09-12,18,18,13,0.0
SKU021,2026-09-13,13,13,71,0.0
SKU021,2026-09-14,15,15,56,0.0
SKU021,2026-09-15,12,12,44,0.0
SKU021,2026-09-16,11,11,33,0.0
SKU021,2026-09-17,16,16,17,0.0
SKU021,2026-09-18,9,9,8,0.0
SKU021,2026-09-19,16,8,0,0.0
SKU021,2026-09-20,19,0,0,0.0
SKU021,2026-09-21,8,0,0,0.0
SKU021,2026-09-22,10,0,0,0.0
SKU021,2026-09-23,10,0,40,0.0
SKU021,2026-09-24,16,16,24,0.0
SKU021,2026-09-25,14,14,10,0.0
SKU021,2026-09-26,17,10,0,0.0
SKU021,2026-09-27,25,0,0,0.0
SKU021,2026-09-28,11,0,0,0.0
SKU021,2026-09-29,11,0,0,0.0
SKU021,2026-09-30,14,0,52,0.0
SKU021,2026-10-01,9,9,43,0.0
SKU021,2026-10-02,13,13,30,0.0
SKU021,2026-10-03,13,13,17,0.0
SKU021,2026-10-04,10,10,7,0.0
SKU021,2026-10-05,15,7,0,0.0
SKU021,2026-10-06,13,0,0,0.0
SKU022,2026-07-09,2,2,83,0.0
SKU022,2026-07-10,2,2,81,0.0
SKU022,2026-07-11,9,9,72,0.0
SKU022,2026-07-12,7,7,65,0.0
SKU022,2026-07-13,1,1,64,0.0
SKU022,2026-07-14,2,2,62,0.0
SKU022,2026-07-15,1,1,61,0.0
SKU022,2026-07-16,4,4,57,0.0
SKU022,2026-07-17,0,0,57,0.0
SKU022,2026-07-18,4,4,53,0.0
SKU022,2026-07-19,8,8,45,0.0
SKU022,2026-07-20,1,1,44,0.0
SKU022,2026-07-21,3,3,41,0.0
SKU022,2026-07-22,1,1,40,0.0
SKU022,2026-07-23,1,1,39,0.0
SKU022,2026-07-24,2,2,37,0.0
SKU022,2026-07-25,6,6,31,0.0
SKU022,2026-07-26,7,7,24,0.0
SKU022,2026-07-27,3,3,21,0.0
SKU022,2026-07-28,2,2,19,0.0
SKU022,2026-07-29,6,6,13,0.0
SKU022,2026-07-30,2,2,11,0.0
SKU022,2026-07-31,4,4,7,0.0
SKU022,2026-08-01,2,2,5,0.0
SKU022,2026-08-02,6,5,78,0.0
SKU022,2026-08-03,2,2,76,0.0
SKU022,2026-08-04,3,3,73,0.0
SKU022,2026-08-05,7,7,66,0.0
SKU022,2026-08-06,0,0,66,0.0
SKU022,2026-08-07,0,0,66,0.0
SKU022,2026-08-08,1,1,65,0.0
SKU022,2026-08-09,2,2,63,0.0
SKU022,2026-08-10,1,1,62,0.0
SKU022,2026-08-11,4,4,58,0.0
SKU022,2026-08-12,1,1,57,0.0
SKU022,2026-08-13,6,6,51,0.0
SKU022,2026-08-14,1,1,50,0.0
SKU022,2026-08-15,2,2,48,0.0
SKU022,2026-08-16,4,4,44,0.0
SKU022,2026-08-17,6,6,38,0.0
SKU022,2026-08-18,4,4,34,0.0
SKU022,2026-08-19,1,1,33,0.0
SKU022,2026-08-20,2,2,31,0.0
SKU022,2026-08-21,8,8,23,0.0
SKU022,2026-08-22,3,3,20,0.0
SKU022,2026-08-23,6,6,14,0.8
SKU022,2026-08-24,5,5,57,0.8
SKU022,2026-08-25,6,6,51,0.8
SKU022,2026-08-26,5,5,46,0.8
SKU022,2026-08-27,6,6,40,0.8
SKU022,2026-08-28,6,6,34,0.8
SKU022,2026-08-29,5,5,29,0.8
SKU022,2026-08-30,4,4,25,0.8
SKU022,2026-08-31,2,2,23,0.8
SKU022,2026-09-01,5,5,18,0.8
SKU022,2026-09-02,4,4,14,0.8
SKU022,2026-09-03,5,5,9,0.0
SKU022,2026-09-04,3,3,6,0.0
SKU022,2026-09-05,2,2,4,0.0
SKU022,2026-09-06,3,3,1,0.0
SKU022,2026-09-07,4,1,52,0.0
SKU022,2026-09-08,1,1,51,0.0
SKU022,2026-09-09,0,0,51,0.0
SKU022,2026-09-10,5,5,46,0.0
SKU022,2026-09-11,3,3,43,0.0
SKU022,2026-09-12,3,3,40,0.0
SKU022,2026-09-13,2,2,38,0.0
SKU022,2026-09-14,5,5,33,0.0
SKU022,2026-09-15,2,2,31,0.0
SKU022,2026-09-16,2,2,29,0.0
SKU022,2026-09-17,2,2,27,0.0
SKU022,2026-09-18,0,0,27,0.0
SKU022,2026-09-19,3,3,24,0.0
SKU022,2026-09-20,6,6,18,0.0
SKU022,2026-09-21,4,4,14,0.0
SKU022,2026-09-22,3,3,11,0.0
SKU022,2026-09-23,2,2,9,0.0
SKU022,2026-09-24,4,4,5,0.0
SKU022,2026-09-25,2,2,3,0.0
SKU022,2026-09-26,3,3,0,0.0
SKU022,2026-09-27,1,0,0,0.0
SKU022,2026-09-28,1,0,0,0.0
SKU022,2026-09-29,1,0,0,0.0
SKU022,2026-09-30,2,0,0,0.0
SKU022,2026-10-01,4,0,0,0.0
SKU022,2026-10-02,2,0,0,0.0
SKU022,2026-10-03,4,0,0,0.0
SKU022,2026-10-04,4,0,0,0.0
SKU022,2026-10-05,2,0,0,0.0
SKU022,2026-10-06,1,0,50,0.0
SKU023,2026-07-09,9,9,66,0.0
SKU023,2026-07-10,15,15,51,0.0
SKU023,2026-07-11,11,11,40,0.0
SKU023,2026-07-12,20,20,20,0.0
SKU023,2026-07-13,16,16,4,0.0
SKU023,2026-07-14,11,4,72,0.0
SKU023,2026-07-15,7,7,65,0.0
SKU023,2026-07-16,8,8,57,0.0
SKU023,2026-07-17,8,8,49,0.0
SKU023,2026-07-18,15,15,34,0.0
SKU023,2026-07-19,16,16,18,0.0
SKU023,2026-07-20,14,14,4,0.0
SKU023,2026-07-21,9,4,69,0.0
SKU023,2026-07-22,15,15,54,0.0
SKU023,2026-07-23,11,11,43,0.0
SKU023,2026-07-24,8,8,35,0.0
SKU023,2026-07-25,13,13,22,0.0
SKU023,2026-07-26,15,15,7,0.0
SKU023,2026-07-27,7,7,0,0.0
SKU023,2026-07-28,9,0,0,0.0
SKU023,2026-07-29,9,0,0,0.0
SKU023,2026-07-30,11,0,74,0.0
SKU023,2026-07-31,7,7,67,0.0
SKU023,2026-08-01,17,17,50,0.0
SKU023,2026-08-02,11,11,39,0.0
SKU023,2026-08-03,15,15,24,0.0
SKU023,2026-08-04,15,15,9,0.0
SKU023,2026-08-05,11,9,0,0.0
SKU023,2026-08-06,11,0,0,0.0
SKU023,2026-08-07,10,0,73,0.0
SKU023,2026-08-08,12,12,61,0.0
SKU023,2026-08-09,14,14,47,0.0
SKU023,2026-08-10,5,5,42,0.0
SKU023,2026-08-11,7,7,35,0.0
SKU023,2026-08-12,9,9,26,0.0
SKU023,2026-08-13,12,12,14,0.0
SKU023,2026-08-14,8,8,6,0.0
SKU023,2026-08-15,10,6,0,0.0
SKU023,2026-08-16,12,0,0,0.0
SKU023,2026-08-17,13,0,0,0.0
SKU023,2026-08-18,27,0,0,0.8
SKU023,2026-08-19,14,0,64,0.8
SKU023,2026-08-20,21,21,43,0.8
SKU023,2026-08-21,18,18,25,0.8
SKU023,2026-08-22,23,23,2,0.8
SKU023,2026-08-23,25,2,0,0.8
SKU023,2026-08-24,26,0,0,0.8
SKU023,2026-08-25,18,0,0,0.8
SKU023,2026-08-26,19,0,0,0.8
SKU023,2026-08-27,23,0,0,0.8
SKU023,2026-08-28,18,0,66,0.8
SKU023,2026-08-29,17,17,49,0.0
SKU023,2026-08-30,13,13,36,0.0
SKU023,2026-08-31,12,12,24,0.0
SKU023,2026-09-01,11,11,13,0.0
SKU023,2026-09-02,11,11,2,0.0
SKU023,2026-09-03,11,2,0,0.0
SKU023,2026-09-04,11,0,62,0.0
SKU023,2026-09-05,15,15,47,0.0
SKU023,2026-09-06,11,11,36,0.0
SKU023,2026-09-07,7,7,29,0.0
SKU023,2026-09-08,13,13,16,0.0
SKU023,2026-09-09,9,9,7,0.0
SKU023,2026-09-10,8,7,0,0.0
SKU023,2026-09-11,15,0,0,0.0
SKU023,2026-09-12,19,0,0,0.0
SKU023,2026-09-13,18,0,0,0.0
SKU023,2026-09-14,14,0,57,0.0
SKU023,2026-09-15,11,11,46,0.0
SKU023,2026-09-16,6,6,40,0.0
SKU023,2026-09-17,16,16,24,0.0
SKU023,2026-09-18,8,8,16,0.0
SKU023,2026-09-19,13,13,3,0.0
SKU023,2026-09-20,15,3,0,0.0
SKU023,2026-09-21,6,0,0,0.0
SKU023,2026-09-22,20,0,0,0.0
SKU023,2026-09-23,5,0,48,0.0
SKU023,2026-09-24,11,11,37,0.0
SKU023,2026-09-25,9,9,28,0.0
SKU023,2026-09-26,11,11,17,0.0
SKU023,2026-09-27,13,13,71,0.0
SKU023,2026-09-28,16,16,55,0.0
SKU023,2026-09-29,14,14,41,0.0
SKU023,2026-09-30,11,11,30,0.0
SKU023,2026-10-01,9,9,21,0.0
SKU023,2026-10-02,15,15,51,0.0
SKU023,2026-10-03,14,14,37,0.0
SKU023,2026-10-04,15,15,22,0.0
SKU023,2026-10-05,7,7,15,0.0
SKU023,2026-10-06,4,4,11,0.0
SKU024,2026-07-09,9,9,56,0.0
SKU024,2026-07-10,5,5,51,0.0
SKU024,2026-07-11,4,4,47,0.0
SKU024,2026-07-12,10,10,37,0.0
SKU024,2026-07-13,8,8,29,0.0
SKU024,2026-07-14,6,6,23,0.0
SKU024,2026-07-15,9,9,14,0.0
SKU024,2026-07-16,4,4,10,0.0
SKU024,2026-07-17,1,1,57,0.0
SKU024,2026-07-18,5,5,52,0.0
SKU024,2026-07-19,6,6,46,0.0
SKU024,2026-07-20,3,3,43,0.0
SKU024,2026-07-21,5,5,38,0.0
SKU024,2026-07-22,4,4,34,0.0
SKU024,2026-07-23,2,2,32,0.0
SKU024,2026-07-24,1,1,31,0.0
SKU024,2026-07-25,2,2,29,0.0
SKU024,2026-07-26,6,6,23,0.0
SKU024,2026-07-27,4,4,19,0.0
SKU024,2026-07-28,5,5,14,0.0
SKU024,2026-07-29,7,7,80,0.0
SKU024,2026-07-30,6,6,74,0.0
SKU024,2026-07-31,3,3,71,0.0
SKU024,2026-08-01,6,6,65,0.0
SKU024,2026-08-02,6,6,59,0.0
SKU024,2026-08-03,3,3,56,0.0
SKU024,2026-08-04,6,6,50,0.0
SKU024,2026-08-05,5,5,45,0.0
SKU024,2026-08-06,1,1,44,0.0
SKU024,2026-08-07,8,8,36,0.0
SKU024,2026-08-08,2,2,34,0.0
SKU024,2026-08-09,6,6,28,0.0
SKU024,2026-08-10,4,4,24,0.0
SKU024,2026-08-11,5,5,19,0.0
SKU024,2026-08-12,6,6,13,0.0
SKU024,2026-08-13,8,8,5,0.0
SKU024,2026-08-14,3,3,2,0.0
SKU024,2026-08-15,5,2,0,0.0
SKU024,2026-08-16,20,0,0,0.8
SKU024,2026-08-17,11,0,0,0.8
SKU024,2026-08-18,11,0,0,0.8
SKU024,2026-08-19,6,0,0,0.8
SKU024,2026-08-20,9,0,0,0.8
SKU024,2026-08-21,7,0,69,0.8
SKU024,2026-08-22,15,15,54,0.8
SKU024,2026-08-23,11,11,43,0.8
SKU024,2026-08-24,12,12,31,0.8
SKU024,2026-08-25,7,7,24,0.8
SKU024,2026-08-26,5,5,19,0.8
SKU024,2026-08-27,5,5,14,0.0
SKU024,2026-08-28,1,1,13,0.0
SKU024,2026-08-29,6,6,7,0.0
SKU024,2026-08-30,1,1,6,0.0
SKU024,2026-08-31,10,6,58,0.0
SKU024,2026-09-01,8,8,50,0.0
SKU024,2026-09-02,4,4,46,0.0
SKU024,2026-09-03,6,6,40,0.0
SKU024,2026-09-04,8,8,32,0.0
SKU024,2026-09-05,2,2,30,0.0
SKU024,2026-09-06,12,12,18,0.0
SKU024,2026-09-07,3,3,15,0.0
SKU024,2026-09-08,11,11,4,0.0
SKU024,2026-09-09,5,4,0,0.0
SKU024,2026-09-10,4,0,78,0.0
SKU024,2026-09-11,1,1,77,0.0
SKU024,2026-09-12,3,3,74,0.0
SKU024,2026-09-13,5,5,69,0.0
SKU024,2026-09-14,5,5,64,0.0
SKU024,2026-09-15,7,7,57,0.0
SKU024,2026-09-16,3,3,54,0.0
SKU024,2026-09-17,3,3,51,0.0
SKU024,2026-09-18,2,2,49,0.0
SKU024,2026-09-19,7,7,42,0.0
SKU024,2026-09-20,4,4,38,0.0
SKU024,2026-09-21,6,6,32,0.0
SKU024,2026-09-22,8,8,24,0.0
SKU024,2026-09-23,1,1,23,0.0
SKU024,2026-09-24,2,2,21,0.0
SKU024,2026-09-25,5,5,16,0.0
SKU024,2026-09-26,11,11,5,0.0
SKU024,2026-09-27,7,5,0,0.0
SKU024,2026-09-28,8,0,0,0.0
SKU024,2026-09-29,2,0,71,0.0
SKU024,2026-09-30,2,2,69,0.0
SKU024,2026-10-01,5,5,64,0.0
SKU024,2026-10-02,3,3,61,0.0
SKU024,2026-10-03,4,4,57,0.0
SKU024,2026-10-04,4,4,53,0.0
SKU024,2026-10-05,5,5,48,0.0
SKU024,2026-10-06,4,4,44,0.0
SKU025,2026-07-09,9,9,81,0.0
SKU025,2026-07-10,4,4,77,0.0
SKU025,2026-07-11,12,12,65,0.0
SKU025,2026-07-12,6,6,59,0.0
SKU025,2026-07-13,5,5,54,0.0
SKU025,2026-07-14,10,10,44,0.0
SKU025,2026-07-15,7,7,37,0.0
SKU025,2026-07-16,6,6,31,0.0
SKU025,2026-07-17,8,8,23,0.0
SKU025,2026-07-18,10,10,13,0.0
SKU025,2026-07-19,5,5,82,0.0
SKU025,2026-07-20,6,6,76,0.0
SKU025,2026-07-21,8,8,68,0.0
SKU025,2026-07-22,2,2,66,0.0
SKU025,2026-07-23,5,5,61,0.0
SKU025,2026-07-24,2,2,59,0.0
SKU025,2026-07-25,5,5,54,0.0
SKU025,2026-07-26,12,12,42,0.0
SKU025,2026-07-27,5,5,37,0.0
SKU025,2026-07-28,7,7,30,0.0
SKU025,2026-07-29,9,9,21,0.0
SKU025,2026-07-30,3,3,18,0.0
SKU025,2026-07-31,4,4,14,0.0
SKU025,2026-08-01,14,14,0,0.0
SKU025,2026-08-02,11,0,0,0.0
SKU025,2026-08-03,4,0,70,0.0
SKU025,2026-08-04,9,9,61,0.0
SKU025,2026-08-05,9,9,52,0.0
SKU025,2026-08-06,7,7,45,0.0
SKU025,2026-08-07,6,6,39,0.0
SKU025,2026-08-08,11,11,28,0.0
SKU025,2026-08-09,8,8,20,0.0
SKU025,2026-08-10,7,7,13,0.0
SKU025,2026-08-11,5,5,8,0.0
SKU025,2026-08-12,8,8,0,0.0
SKU025,2026-08-13,7,0,50,0.0
SKU025,2026-08-14,11,11,39,0.0
SKU025,2026-08-15,10,10,29,0.0
SKU025,2026-08-16,6,6,23,0.0
SKU025,2026-08-17,9,9,14,0.0
SKU025,2026-08-18,7,7,80,0.0
SKU025,2026-08-19,7,7,73,0.0
SKU025,2026-08-20,3,3,70,0.0
SKU025,2026-08-21,4,4,66,0.0
SKU025,2026-08-22,10,10,56,0.0
SKU025,2026-08-23,3,3,53,0.0
SKU025,2026-08-24,8,8,45,0.0
SKU025,2026-08-25,7,7,38,0.0
SKU025,2026-08-26,9,9,29,0.0
SKU025,2026-08-27,8,8,21,0.0
SKU025,2026-08-28,6,6,15,0.0
SKU025,2026-08-29,10,10,77,0.0
SKU025,2026-08-30,3,3,74,0.0
SKU025,2026-08-31,9,9,65,0.0
SKU025,2026-09-01,9,9,56,0.0
SKU025,2026-09-02,3,3,53,0.0
SKU025,2026-09-03,5,5,48,0.0
SKU025,2026-09-04,14,14,34,0.0
SKU025,2026-09-05,5,5,29,0.0
SKU025,2026-09-06,7,7,22,0.0
SKU025,2026-09-07,18,18,68,0.8
SKU025,2026-09-08,6,6,62,0.8
SKU025,2026-09-09,14,14,48,0.8
SKU025,2026-09-10,9,9,39,0.8
SKU025,2026-09-11,16,16,23,0.8
SKU025,2026-09-12,10,10,13,0.8
SKU025,2026-09-13,15,13,0,0.8
SKU025,2026-09-14,12,0,0,0.8
SKU025,2026-09-15,10,0,72,0.8
SKU025,2026-09-16,12,12,60,0.8
SKU025,2026-09-17,10,10,50,0.8
SKU025,2026-09-18,4,4,46,0.0
SKU025,2026-09-19,8,8,38,0.0
SKU025,2026-09-20,8,8,30,0.0
SKU025,2026-09-21,7,7,23,0.0
SKU025,2026-09-22,1,1,22,0.0
SKU025,2026-09-23,6,6,16,0.0
SKU025,2026-09-24,8,8,8,0.0
SKU025,2026-09-25,3,3,49,0.0
SKU025,2026-09-26,6,6,43,0.0
SKU025,2026-09-27,7,7,36,0.0
SKU025,2026-09-28,11,11,25,0.0
SKU025,2026-09-29,9,9,16,0.0
SKU025,2026-09-30,9,9,7,0.0
SKU025,2026-10-01,6,6,80,0.0
SKU025,2026-10-02,5,5,75,0.0
SKU025,2026-10-03,7,7,68,0.0
SKU025,2026-10-04,14,14,54,0.0
SKU025,2026-10-05,5,5,49,0.0
SKU025,2026-10-06,5,5,44,0.0
SKU026,2026-07-09,12,12,68,0.0
SKU026,2026-07-10,10,10,58,0.0
SKU026,2026-07-11,11,11,47,0.0
SKU026,2026-07-12,8,8,39,0.0
SKU026,2026-07-13,6,6,33,0.0
SKU026,2026-07-14,10,10,23,0.0
SKU026,2026-07-15,11,11,12,0.0
SKU026,2026-07-16,10,10,2,0.0
SKU026,2026-07-17,7,2,0,0.0
SKU026,2026-07-18,14,0,0,0.0
SKU026,2026-07-19,15,0,78,0.0
SKU026,2026-07-20,12,12,66,0.0
SKU026,2026-07-21,5,5,61,0.0
SKU026,2026-07-22,6,6,55,0.0
SKU026,2026-07-23,7,7,48,0.0
SKU026,2026-07-24,12,12,36,0.0
SKU026,2026-07-25,9,9,27,0.0
SKU026,2026-07-26,16,16,11,0.0
SKU026,2026-07-27,8,8,3,0.0
SKU026,2026-07-28,10,3,0,0.0
SKU026,2026-07-29,12,0,0,0.0
SKU026,2026-07-30,13,0,0,0.0
SKU026,2026-07-31,8,0,59,0.0
SKU026,2026-08-01,17,17,42,0.0
SKU026,2026-08-02,11,11,31,0.0
SKU026,2026-08-03,6,6,25,0.0
SKU026,2026-08-04,17,17,8,0.0
SKU026,2026-08-05,8,8,0,0.0
SKU026,2026-08-06,10,0,49,0.0
SKU026,2026-08-07,7,7,42,0.0
SKU026,2026-08-08,18,18,24,0.0
SKU026,2026-08-09,17,17,7,0.0
SKU026,2026-08-10,13,7,70,0.0
SKU026,2026-08-11,10,10,60,0.0
SKU026,2026-08-12,9,9,51,0.0
SKU026,2026-08-13,8,8,43,0.0
SKU026,2026-08-14,5,5,38,0.0
SKU026,2026-08-15,22,22,16,0.0
SKU026,2026-08-16,26,16,0,0.0
SKU026,2026-08-17,8,0,44,0.0
SKU026,2026-08-18,12,12,32,0.0
SKU026,2026-08-19,5,5,27,0.0
SKU026,2026-08-20,15,15,12,0.0
SKU026,2026-08-21,13,12,0,0.0
SKU026,2026-08-22,17,0,0,0.0
SKU026,2026-08-23,10,0,41,0.0
SKU026,2026-08-24,4,4,37,0.0
SKU026,2026-08-25,11,11,26,0.0
SKU026,2026-08-26,11,11,15,0.0
SKU026,2026-08-27,8,8,7,0.0
SKU026,2026-08-28,13,7,0,0.0
SKU026,2026-08-29,14,0,0,0.0
SKU026,2026-08-30,14,0,0,0.0
SKU026,2026-08-31,9,0,0,0.0
SKU026,2026-09-01,12,0,0,0.0
SKU026,2026-09-02,6,0,0,0.0
SKU026,2026-09-03,12,0,0,0.0
SKU026,2026-09-04,10,0,0,0.0
SKU026,2026-09-05,8,0,0,0.0
SKU026,2026-09-06,28,0,0,0.8
SKU026,2026-09-07,26,0,0,0.8
SKU026,2026-09-08,16,0,0,0.8
SKU026,2026-09-09,17,0,79,0.8
SKU026,2026-09-10,19,19,60,0.8
SKU026,2026-09-11,9,9,51,0.8
SKU026,2026-09-12,15,15,36,0.8
SKU026,2026-09-13,26,26,10,0.8
SKU026,2026-09-14,20,10,45,0.8
SKU026,2026-09-15,22,22,23,0.8
SKU026,2026-09-16,16,16,7,0.8
SKU026,2026-09-17,3,3,61,0.0
SKU026,2026-09-18,8,8,53,0.0
SKU026,2026-09-19,16,16,37,0.0
SKU026,2026-09-20,12,12,25,0.0
SKU026,2026-09-21,8,8,17,0.0
SKU026,2026-09-22,10,10,7,0.0
SKU026,2026-09-23,13,7,0,0.0
SKU026,2026-09-24,12,0,0,0.0
SKU026,2026-09-25,8,0,77,0.0
SKU026,2026-09-26,11,11,66,0.0
SKU026,2026-09-27,14,14,52,0.0
SKU026,2026-09-28,14,14,38,0.0
SKU026,2026-09-29,18,18,20,0.0
SKU026,2026-09-30,7,7,13,0.0
SKU026,2026-10-01,12,12,57,0.0
SKU026,2026-10-02,7,7,50,0.0
SKU026,2026-10-03,13,13,37,0.0
SKU026,2026-10-04,17,17,20,0.0
SKU026,2026-10-05,11,11,73,0.0
SKU026,2026-10-06,8,8,65,0.0
SKU027,2026-07-09,2,2,68,0.0
SKU027,2026-07-10,6,6,62,0.0
SKU027,2026-07-11,6,6,56,0.0
SKU027,2026-07-12,1,1,55,0.0
SKU027,2026-07-13,8,8,47,0.0
SKU027,2026-07-14,9,9,38,0.0
SKU027,2026-07-15,3,3,35,0.0
SKU027,2026-07-16,0,0,35,0.0
SKU027,2026-07-17,3,3,32,0.0
SKU027,2026-07-18,2,2,30,0.0
SKU027,2026-07-19,4,4,26,0.0
SKU027,2026-07-20,2,2,24,0.0
SKU027,2026-07-21,1,1,23,0.0
SKU027,2026-07-22,0,0,23,0.0
SKU027,2026-07-23,4,4,19,0.0
SKU027,2026-07-24,3,3,16,0.0
SKU027,2026-07-25,4,4,12,0.0
SKU027,2026-07-26,4,4,8,0.0
SKU027,2026-07-27,5,5,77,0.0
SKU027,2026-07-28,2,2,75,0.0
SKU027,2026-07-29,0,0,75,0.0
SKU027,2026-07-30,2,2,73,0.0
SKU027,2026-07-31,3,3,70,0.0
SKU027,2026-08-01,5,5,65,0.0
SKU027,2026-08-02,4,4,61,0.0
SKU027,2026-08-03,3,3,58,0.0
SKU027,2026-08-04,0,0,58,0.0
SKU027,2026-08-05,4,4,54,0.0
SKU027,2026-08-06,3,3,51,0.0
SKU027,2026-08-07,4,4,47,0.0
SKU027,2026-08-08,4,4,43,0.0
SKU027,2026-08-09,6,6,37,0.0
SKU027,2026-08-10,2,2,35,0.0
SKU027,2026-08-11,4,4,31,0.0
SKU027,2026-08-12,3,3,28,0.0
SKU027,2026-08-13,6,6,22,0.0
SKU027,2026-08-14,1,1,21,0.0
SKU027,2026-08-15,4,4,17,0.0
SKU027,2026-08-16,4,4,13,0.0
SKU027,2026-08-17,1,1,12,0.0
SKU027,2026-08-18,3,3,9,0.0
SKU027,2026-08-19,4,4,5,0.0
SKU027,2026-08-20,3,3,2,0.0
SKU027,2026-08-21,2,2,79,0.0
SKU027,2026-08-22,10,10,69,0.0
SKU027,2026-08-23,2,2,67,0.0
SKU027,2026-08-24,2,2,65,0.0
SKU027,2026-08-25,5,5,60,0.0
SKU027,2026-08-26,2,2,58,0.0
SKU027,2026-08-27,2,2,56,0.0
SKU027,2026-08-28,3,3,53,0.0
SKU027,2026-08-29,3,3,50,0.0
SKU027,2026-08-30,3,3,47,0.0
SKU027,2026-08-31,3,3,44,0.0
SKU027,2026-09-01,1,1,43,0.0
SKU027,2026-09-02,10,10,33,0.8
SKU027,2026-09-03,4,4,29,0.8
SKU027,2026-09-04,2,2,27,0.8
SKU027,2026-09-05,6,6,21,0.8
SKU027,2026-09-06,5,5,16,0.8
SKU027,2026-09-07,8,8,8,0.8
SKU027,2026-09-08,11,8,68,0.8
SKU027,2026-09-09,5,5,63,0.8
SKU027,2026-09-10,4,4,59,0.8
SKU027,2026-09-11,3,3,56,0.8
SKU027,2026-09-12,8,8,48,0.8
SKU027,2026-09-13,5,5,43,0.0
SKU027,2026-09-14,4,4,39,0.0
SKU027,2026-09-15,1,1,38,0.0
SKU027,2026-09-16,2,2,36,0.0
SKU027,2026-09-17,4,4,32,0.0
SKU027,2026-09-18,6,6,26,0.0
SKU027,2026-09-19,5,5,21,0.0
SKU027,2026-09-20,5,5,16,0.0
SKU027,2026-09-21,2,2,14,0.0
SKU027,2026-09-22,5,5,9,0.0
SKU027,2026-09-23,2,2,7,0.0
SKU027,2026-09-24,2,2,5,0.0
SKU027,2026-09-25,4,4,1,0.0
SKU027,2026-09-26,6,1,0,0.0
SKU027,2026-09-27,4,0,0,0.0
SKU027,2026-09-28,2,0,0,0.0
SKU027,2026-09-29,1,0,67,0.0
SKU027,2026-09-30,3,3,64,0.0
SKU027,2026-10-01,4,4,60,0.0
SKU027,2026-10-02,1,1,59,0.0
SKU027,2026-10-03,6,6,53,0.0
SKU027,2026-10-04,3,3,50,0.0
SKU027,2026-10-05,5,5,45,0.0
SKU027,2026-10-06,1,1,44,0.0
SKU028,2026-07-09,15,15,85,0.0
SKU028,2026-07-10,16,16,69,0.0
SKU028,2026-07-11,17,17,52,0.0
SKU028,2026-07-12,18,18,34,0.0
SKU028,2026-07-13,6,6,28,0.0
SKU028,2026-07-14,11,11,17,0.0
SKU028,2026-07-15,6,6,11,0.0
SKU028,2026-07-16,10,10,77,0.0
SKU028,2026-07-17,8,8,69,0.0
SKU028,2026-07-18,19,19,50,0.0
SKU028,2026-07-19,18,18,32,0.0
SKU028,2026-07-20,13,13,19,0.0
SKU028,2026-07-21,11,11,87,0.0
SKU028,2026-07-22,12,12,75,0.0
SKU028,2026-07-23,4,4,71,0.0
SKU028,2026-07-24,18,18,53,0.0
SKU028,2026-07-25,15,15,38,0.0
SKU028,2026-07-26,14,14,24,0.0
SKU028,2026-07-27,16,16,8,0.0
SKU028,2026-07-28,18,8,0,0.0
SKU028,2026-07-29,8,0,73,0.0
SKU028,2026-07-30,6,6,67,0.0
SKU028,2026-07-31,4,4,63,0.0
SKU028,2026-08-01,18,18,45,0.0
SKU028,2026-08-02,18,18,27,0.0
SKU028,2026-08-03,9,9,18,0.0
SKU028,2026-08-04,14,14,60,0.0
SKU028,2026-08-05,17,17,43,0.0
SKU028,2026-08-06,8,8,35,0.0
SKU028,2026-08-07,11,11,24,0.0
SKU028,2026-08-08,18,18,6,0.0
SKU028,2026-08-09,18,6,59,0.0
SKU028,2026-08-10,10,10,49,0.0
SKU028,2026-08-11,14,14,35,0.0
SKU028,2026-08-12,14,14,21,0.0
SKU028,2026-08-13,8,8,13,0.0
SKU028,2026-08-14,14,13,67,0.0
SKU028,2026-08-15,13,13,54,0.0
SKU028,2026-08-16,11,11,43,0.0
SKU028,2026-08-17,21,21,22,0.8
SKU028,2026-08-18,14,14,8,0.8
SKU028,2026-08-19,24,8,0,0.8
SKU028,2026-08-20,28,0,0,0.8
SKU028,2026-08-21,22,0,74,0.8
SKU028,2026-08-22,28,28,46,0.8
SKU028,2026-08-23,28,28,18,0.8
SKU028,2026-08-24,31,18,46,0.8
SKU028,2026-08-25,22,22,24,0.8
SKU028,2026-08-26,17,17,7,0.8
SKU028,2026-08-27,16,7,72,0.8
SKU028,2026-08-28,8,8,64,0.0
SKU028,2026-08-29,17,17,47,0.0
SKU028,2026-08-30,14,14,33,0.0
SKU028,2026-08-31,8,8,25,0.0
SKU028,2026-09-01,7,7,18,0.0
SKU028,2026-09-02,11,11,7,0.0
SKU028,2026-09-03,12,7,0,0.0
SKU028,2026-09-04,9,0,0,0.0
SKU028,2026-09-05,16,0,0,0.0
SKU028,2026-09-06,15,0,44,0.0
SKU028,2026-09-07,13,13,31,0.0
SKU028,2026-09-08,7,7,24,0.0
SKU028,2026-09-09,13,13,11,0.0
SKU028,2026-09-10,14,11,0,0.0
SKU028,2026-09-11,14,0,0,0.0
SKU028,2026-09-12,11,0,0,0.0
SKU028,2026-09-13,11,0,66,0.0
SKU028,2026-09-14,13,13,53,0.0
SKU028,2026-09-15,12,12,41,0.0
SKU028,2026-09-16,14,14,27,0.0
SKU028,2026-09-17,9,9,18,0.0
SKU028,2026-09-18,11,11,69,0.0
SKU028,2026-09-19,13,13,56,0.0
SKU028,2026-09-20,14,14,42,0.0
SKU028,2026-09-21,7,7,35,0.0
SKU028,2026-09-22,7,7,28,0.0
SKU028,2026-09-23,18,18,10,0.0
SKU028,2026-09-24,14,10,0,0.0
SKU028,2026-09-25,7,0,70,0.0
SKU028,2026-09-26,14,14,56,0.0
SKU028,2026-09-27,11,11,45,0.0
SKU028,2026-09-28,20,20,25,0.0
SKU028,2026-09-29,12,12,13,0.0
SKU028,2026-09-30,15,13,0,0.0
SKU028,2026-10-01,7,0,0,0.0
SKU028,2026-10-02,11,0,0,0.0
SKU028,2026-10-03,10,0,0,0.0
SKU028,2026-10-04,16,0,56,0.0
SKU028,2026-10-05,8,8,48,0.0
SKU028,2026-10-06,20,20,28,0.0
SKU029,2026-07-09,8,8,67,0.0
SKU029,2026-07-10,11,11,56,0.0
SKU029,2026-07-11,6,6,50,0.0
SKU029,2026-07-12,10,10,40,0.0
SKU029,2026-07-13,11,11,29,0.0
SKU029,2026-07-14,11,11,18,0.0
SKU029,2026-07-15,6,6,12,0.0
SKU029,2026-07-16,9,9,76,0.0
SKU029,2026-07-17,7,7,69,0.0
SKU029,2026-07-18,6,6,63,0.0
SKU029,2026-07-19,8,8,55,0.0
SKU029,2026-07-20,6,6,49,0.0
SKU029,2026-07-21,6,6,43,0.0
SKU029,2026-07-22,4,4,39,0.0
SKU029,2026-07-23,8,8,31,0.0
SKU029,2026-07-24,2,2,29,0.0
SKU029,2026-07-25,7,7,22,0.0
SKU029,2026-07-26,15,15,80,0.0
SKU029,2026-07-27,6,6,74,0.0
SKU029,2026-07-28,10,10,64,0.0
SKU029,2026-07-29,7,7,57,0.0
SKU029,2026-07-30,7,7,50,0.0
SKU029,2026-07-31,7,7,43,0.0
SKU029,2026-08-01,10,10,33,0.0
SKU029,2026-08-02,13,13,20,0.0
SKU029,2026-08-03,8,8,12,0.0
SKU029,2026-08-04,5,5,49,0.0
SKU029,2026-08-05,8,8,41,0.0
SKU029,2026-08-06,11,11,30,0.0
SKU029,2026-08-07,8,8,22,0.0
SKU029,2026-08-08,11,11,11,0.0
SKU029,2026-08-09,9,9,2,0.0
SKU029,2026-08-10,10,2,0,0.0
SKU029,2026-08-11,8,0,0,0.0
SKU029,2026-08-12,7,0,0,0.0
SKU029,2026-08-13,6,0,0,0.0
SKU029,2026-08-14,6,0,0,0.0
SKU029,2026-08-15,9,0,0,0.0
SKU029,2026-08-16,5,0,0,0.0
SKU029,2026-08-17,7,0,0,0.0
SKU029,2026-08-18,4,0,0,0.0
SKU029,2026-08-19,7,0,0,0.0
SKU029,2026-08-20,5,0,0,0.0
SKU029,2026-08-21,5,0,0,0.0
SKU029,2026-08-22,12,0,0,0.0
SKU029,2026-08-23,11,0,0,0.0
SKU029,2026-08-24,11,0,0,0.0
SKU029,2026-08-25,4,0,65,0.0
SKU029,2026-08-26,7,7,58,0.0
SKU029,2026-08-27,5,5,53,0.0
SKU029,2026-08-28,10,10,43,0.0
SKU029,2026-08-29,9,9,34,0.0
SKU029,2026-08-30,6,6,28,0.0
SKU029,2026-08-31,8,8,20,0.0
SKU029,2026-09-01,6,6,14,0.0
SKU029,2026-09-02,9,9,5,0.0
SKU029,2026-09-03,6,5,0,0.0
SKU029,2026-09-04,5,0,49,0.0
SKU029,2026-09-05,15,15,34,0.0
SKU029,2026-09-06,11,11,23,0.0
SKU029,2026-09-07,7,7,16,0.0
SKU029,2026-09-08,8,8,8,0.0
SKU029,2026-09-09,5,5,74,0.0
SKU029,2026-09-10,7,7,67,0.0
SKU029,2026-09-11,5,5,62,0.0
SKU029,2026-09-12,8,8,54,0.0
SKU029,2026-09-13,9,9,45,0.0
SKU029,2026-09-14,8,8,37,0.0
SKU029,2026-09-15,7,7,30,0.0
SKU029,2026-09-16,15,15,15,0.8
SKU029,2026-09-17,15,15,75,0.8
SKU029,2026-09-18,16,16,59,0.8
SKU029,2026-09-19,17,17,42,0.8
SKU029,2026-09-20,24,24,18,0.8
SKU029,2026-09-21,10,10,85,0.8
SKU029,2026-09-22,20,20,65,0.8
SKU029,2026-09-23,15,15,50,0.8
SKU029,2026-09-24,18,18,32,0.8
SKU029,2026-09-25,12,12,20,0.8
SKU029,2026-09-26,13,13,7,0.8
SKU029,2026-09-27,4,4,3,0.0
SKU029,2026-09-28,11,3,58,0.0
SKU029,2026-09-29,4,4,54,0.0
SKU029,2026-09-30,8,8,46,0.0
SKU029,2026-10-01,9,9,37,0.0
SKU029,2026-10-02,5,5,32,0.0
SKU029,2026-10-03,6,6,26,0.0
SKU029,2026-10-04,7,7,19,0.0
SKU029,2026-10-05,3,3,16,0.0
SKU029,2026-10-06,7,7,9,0.0
SKU030,2026-07-09,0,0,70,0.0
SKU030,2026-07-10,1,1,69,0.0
SKU030,2026-07-11,6,6,63,0.0
SKU030,2026-07-12,4,4,59,0.0
SKU030,2026-07-13,7,7,52,0.0
SKU030,2026-07-14,6,6,46,0.0
SKU030,2026-07-15,4,4,42,0.0
SKU030,2026-07-16,5,5,37,0.0
SKU030,2026-07-17,2,2,35,0.0
SKU030,2026-07-18,8,8,27,0.0
SKU030,2026-07-19,1,1,26,0.0
SKU030,2026-07-20,5,5,21,0.0
SKU030,2026-07-21,6,6,15,0.0
SKU030,2026-07-22,5,5,10,0.0
SKU030,2026-07-23,3,3,7,0.0
SKU030,2026-07-24,2,2,5,0.0
SKU030,2026-07-25,5,5,48,0.0
SKU030,2026-07-26,2,2,46,0.0
SKU030,2026-07-27,3,3,43,0.0
SKU030,2026-07-28,4,4,39,0.0
SKU030,2026-07-29,3,3,36,0.0
SKU030,2026-07-30,4,4,32,0.0
SKU030,2026-07-31,3,3,29,0.0
SKU030,2026-08-01,3,3,26,0.0
SKU030,2026-08-02,6,6,20,0.0
SKU030,2026-08-03,4,4,16,0.0
SKU030,2026-08-04,4,4,12,0.0
SKU030,2026-08-05,2,2,10,0.0
SKU030,2026-08-06,3,3,7,0.0
SKU030,2026-08-07,2,2,5,0.0
SKU030,2026-08-08,2,2,3,0.0
SKU030,2026-08-09,4,3,0,0.0
SKU030,2026-08-10,2,0,0,0.0
SKU030,2026-08-11,2,0,0,0.0
SKU030,2026-08-12,5,0,0,0.0
SKU030,2026-08-13,4,0,53,0.0
SKU030,2026-08-14,3,3,50,0.0
SKU030,2026-08-15,2,2,48,0.0
SKU030,2026-08-16,6,6,42,0.0
SKU030,2026-08-17,4,4,38,0.0
SKU030,2026-08-18,6,6,32,0.0
SKU030,2026-08-19,1,1,31,0.0
SKU030,2026-08-20,1,1,30,0.0
SKU030,2026-08-21,1,1,29,0.0
SKU030,2026-08-22,5,5,24,0.0
SKU030,2026-08-23,3,3,21,0.0
SKU030,2026-08-24,3,3,18,0.0
SKU030,2026-08-25,3,3,15,0.0
SKU030,2026-08-26,5,5,10,0.0
SKU030,2026-08-27,2,2,8,0.0
SKU030,2026-08-28,8,8,0,0.8
SKU030,2026-08-29,7,0,0,0.8
SKU030,2026-08-30,8,0,0,0.8
SKU030,2026-08-31,1,0,0,0.8
SKU030,2026-09-01,6,0,57,0.8
SKU030,2026-09-02,8,8,49,0.8
SKU030,2026-09-03,11,11,38,0.8
SKU030,2026-09-04,2,2,36,0.8
SKU030,2026-09-05,4,4,32,0.8
SKU030,2026-09-06,10,10,22,0.8
SKU030,2026-09-07,4,4,18,0.8
SKU030,2026-09-08,2,2,16,0.0
SKU030,2026-09-09,9,9,7,0.0
SKU030,2026-09-10,5,5,2,0.0
SKU030,2026-09-11,6,2,0,0.0
SKU030,2026-09-12,5,0,49,0.0
SKU030,2026-09-13,5,5,44,0.0
SKU030,2026-09-14,4,4,40,0.0
SKU030,2026-09-15,2,2,38,0.0
SKU030,2026-09-16,1,1,37,0.0
SKU030,2026-09-17,3,3,34,0.0
SKU030,2026-09-18,3,3,31,0.0
SKU030,2026-09-19,1,1,30,0.0
SKU030,2026-09-20,8,8,22,0.0
SKU030,2026-09-21,6,6,16,0.0
SKU030,2026-09-22,4,4,12,0.0
SKU030,2026-09-23,4,4,48,0.0
SKU030,2026-09-24,4,4,44,0.0
SKU030,2026-09-25,0,0,44,0.0
SKU030,2026-09-26,2,2,42,0.0
SKU030,2026-09-27,2,2,40,0.0
SKU030,2026-09-28,2,2,38,0.0
SKU030,2026-09-29,4,4,34,0.0
SKU030,2026-09-30,8,8,26,0.0
SKU030,2026-10-01,6,6,20,0.0
SKU030,2026-10-02,3,3,17,0.0
SKU030,2026-10-03,4,4,13,0.0
SKU030,2026-10-04,4,4,9,0.0
SKU030,2026-10-05,2,2,7,0.0
SKU030,2026-10-06,8,7,0,0.0
SKU031,2026-07-09,9,9,71,0.0
SKU031,2026-07-10,14,14,57,0.0
SKU031,2026-07-11,15,15,42,0.0
SKU031,2026-07-12,18,18,24,0.0
SKU031,2026-07-13,15,15,86,0.0
SKU031,2026-07-14,9,9,77,0.0
SKU031,2026-07-15,9,9,68,0.0
SKU031,2026-07-16,13,13,55,0.0
SKU031,2026-07-17,13,13,42,0.0
SKU031,2026-07-18,16,16,26,0.0
SKU031,2026-07-19,17,17,9,0.0
SKU031,2026-07-20,9,9,0,0.0
SKU031,2026-07-21,10,0,0,0.0
SKU031,2026-07-22,9,0,63,0.0
SKU031,2026-07-23,12,12,51,0.0
SKU031,2026-07-24,13,13,38,0.0
SKU031,2026-07-25,14,14,24,0.0
SKU031,2026-07-26,16,16,73,0.0
SKU031,2026-07-27,9,9,64,0.0
SKU031,2026-07-28,13,13,51,0.0
SKU031,2026-07-29,13,13,38,0.0
SKU031,2026-07-30,7,7,31,0.0
SKU031,2026-07-31,8,8,23,0.0
SKU031,2026-08-01,15,15,51,0.0
SKU031,2026-08-02,12,12,39,0.0
SKU031,2026-08-03,9,9,30,0.0
SKU031,2026-08-04,10,10,20,0.0
SKU031,2026-08-05,21,20,0,0.0
SKU031,2026-08-06,10,0,0,0.0
SKU031,2026-08-07,15,0,72,0.0
SKU031,2026-08-08,16,16,56,0.0
SKU031,2026-08-09,27,27,29,0.8
SKU031,2026-08-10,14,14,15,0.8
SKU031,2026-08-11,18,15,52,0.8
SKU031,2026-08-12,31,31,21,0.8
SKU031,2026-08-13,26,21,42,0.8
SKU031,2026-08-14,15,15,27,0.8
SKU031,2026-08-15,26,26,1,0.8
SKU031,2026-08-16,25,1,0,0.8
SKU031,2026-08-17,20,0,61,0.8
SKU031,2026-08-18,13,13,48,0.8
SKU031,2026-08-19,23,23,25,0.8
SKU031,2026-08-20,9,9,16,0.0
SKU031,2026-08-21,10,10,58,0.0
SKU031,2026-08-22,17,17,41,0.0
SKU031,2026-08-23,19,19,22,0.0
SKU031,2026-08-24,17,17,5,0.0
SKU031,2026-08-25,7,5,0,0.0
SKU031,2026-08-26,15,0,0,0.0
SKU031,2026-08-27,13,0,0,0.0
SKU031,2026-08-28,9,0,0,0.0
SKU031,2026-08-29,10,0,53,0.0
SKU031,2026-08-30,10,10,43,0.0
SKU031,2026-08-31,14,14,29,0.0
SKU031,2026-09-01,16,16,13,0.0
SKU031,2026-09-02,13,13,0,0.0
SKU031,2026-09-03,13,0,0,0.0
SKU031,2026-09-04,14,0,0,0.0
SKU031,2026-09-05,17,0,66,0.0
SKU031,2026-09-06,14,14,52,0.0
SKU031,2026-09-07,10,10,42,0.0
SKU031,2026-09-08,11,11,31,0.0
SKU031,2026-09-09,14,14,17,0.0
SKU031,2026-09-10,15,15,2,0.0
SKU031,2026-09-11,13,2,0,0.0
SKU031,2026-09-12,13,0,0,0.0
SKU031,2026-09-13,12,0,0,0.0
SKU031,2026-09-14,13,0,0,0.0
SKU031,2026-09-15,14,0,47,0.0
SKU031,2026-09-16,11,11,36,0.0
SKU031,2026-09-17,7,7,29,0.0
SKU031,2026-09-18,3,3,26,0.0
SKU031,2026-09-19,13,13,13,0.0
SKU031,2026-09-20,13,13,0,0.0
SKU031,2026-09-21,9,0,40,0.0
SKU031,2026-09-22,8,8,32,0.0
SKU031,2026-09-23,10,10,22,0.0
SKU031,2026-09-24,12,12,10,0.0
SKU031,2026-09-25,18,10,74,0.0
SKU031,2026-09-26,18,18,56,0.0
SKU031,2026-09-27,18,18,38,0.0
SKU031,2026-09-28,6,6,32,0.0
SKU031,2026-09-29,11,11,21,0.0
SKU031,2026-09-30,8,8,13,0.0
SKU031,2026-10-01,12,12,1,0.0
SKU031,2026-10-02,17,1,0,0.0
SKU031,2026-10-03,15,0,0,0.0
SKU031,2026-10-04,9,0,0,0.0
SKU031,2026-10-05,13,0,0,0.0
SKU031,2026-10-06,12,0,57,0.0
SKU032,2026-07-09,5,5,80,0.0
SKU032,2026-07-10,7,7,73,0.0
SKU032,2026-07-11,5,5,68,0.0
SKU032,2026-07-12,4,4,64,0.0
SKU032,2026-07-13,6,6,58,0.0
SKU032,2026-07-14,2,2,56,0.0
SKU032,2026-07-15,6,6,50,0.0
SKU032,2026-07-16,4,4,46,0.0
SKU032,2026-07-17,2,2,44,0.0
SKU032,2026-07-18,5,5,39,0.0
SKU032,2026-07-19,8,8,31,0.0
SKU032,2026-07-20,6,6,25,0.0
SKU032,2026-07-21,2,2,23,0.0
SKU032,2026-07-22,2,2,21,0.0
SKU032,2026-07-23,2,2,19,0.0
SKU032,2026-07-24,4,4,15,0.0
SKU032,2026-07-25,8,8,7,0.0
SKU032,2026-07-26,3,3,4,0.0
SKU032,2026-07-27,4,4,0,0.0
SKU032,2026-07-28,4,0,0,0.0
SKU032,2026-07-29,5,0,0,0.0
SKU032,2026-07-30,4,0,0,0.0
SKU032,2026-07-31,3,0,0,0.0
SKU032,2026-08-01,4,0,0,0.0
SKU032,2026-08-02,6,0,0,0.0
SKU032,2026-08-03,4,0,0,0.0
SKU032,2026-08-04,2,0,0,0.0
SKU032,2026-08-05,6,0,43,0.0
SKU032,2026-08-06,3,3,40,0.0
SKU032,2026-08-07,1,1,39,0.0
SKU032,2026-08-08,2,2,37,0.0
SKU032,2026-08-09,4,4,33,0.0
SKU032,2026-08-10,4,4,29,0.0
SKU032,2026-08-11,5,5,24,0.0
SKU032,2026-08-12,2,2,22,0.0
SKU032,2026-08-13,2,2,20,0.0
SKU032,2026-08-14,3,3,17,0.0
SKU032,2026-08-15,3,3,14,0.0
SKU032,2026-08-16,4,4,10,0.0
SKU032,2026-08-17,3,3,7,0.0
SKU032,2026-08-18,3,3,83,0.0
SKU032,2026-08-19,3,3,80,0.0
SKU032,2026-08-20,3,3,77,0.0
SKU032,2026-08-21,4,4,73,0.0
SKU032,2026-08-22,7,7,66,0.0
SKU032,2026-08-23,5,5,61,0.0
SKU032,2026-08-24,1,1,60,0.0
SKU032,2026-08-25,5,5,55,0.0
SKU032,2026-08-26,3,3,52,0.0
SKU032,2026-08-27,5,5,47,0.0
SKU032,2026-08-28,2,2,45,0.0
SKU032,2026-08-29,4,4,41,0.0
SKU032,2026-08-30,5,5,36,0.0
SKU032,2026-08-31,5,5,31,0.0
SKU032,2026-09-01,4,4,27,0.0
SKU032,2026-09-02,4,4,23,0.0
SKU032,2026-09-03,3,3,20,0.0
SKU032,2026-09-04,8,8,12,0.0
SKU032,2026-09-05,5,5,7,0.0
SKU032,2026-09-06,4,4,3,0.0
SKU032,2026-09-07,4,3,0,0.0
SKU032,2026-09-08,3,0,0,0.0
SKU032,2026-09-09,9,0,0,0.0
SKU032,2026-09-10,3,0,55,0.0
SKU032,2026-09-11,4,4,51,0.0
SKU032,2026-09-12,7,7,44,0.0
SKU032,2026-09-13,13,13,31,0.0
SKU032,2026-09-14,6,6,25,0.0
SKU032,2026-09-15,8,8,17,0.8
SKU032,2026-09-16,5,5,12,0.8
SKU032,2026-09-17,5,5,86,0.8
SKU032,2026-09-18,10,10,76,0.8
SKU032,2026-09-19,15,15,61,0.8
SKU032,2026-09-20,8,8,53,0.8
SKU032,2026-09-21,9,9,44,0.8
SKU032,2026-09-22,4,4,40,0.8
SKU032,2026-09-23,6,6,34,0.8
SKU032,2026-09-24,5,5,29,0.8
SKU032,2026-09-25,6,6,23,0.8
SKU032,2026-09-26,3,3,20,0.0
SKU032,2026-09-27,3,3,17,0.0
SKU032,2026-09-28,3,3,14,0.0
SKU032,2026-09-29,3,3,11,0.0
SKU032,2026-09-30,3,3,80,0.0
SKU032,2026-10-01,1,1,79,0.0
SKU032,2026-10-02,1,1,78,0.0
SKU032,2026-10-03,5,5,73,0.0
SKU032,2026-10-04,8,8,65,0.0
SKU032,2026-10-05,3,3,62,0.0
SKU032,2026-10-06,3,3,59,0.0
SKU033,2026-07-09,4,4,71,0.0
SKU033,2026-07-10,7,7,64,0.0
SKU033,2026-07-11,2,2,62,0.0
SKU033,2026-07-12,5,5,57,0.0
SKU033,2026-07-13,4,4,53,0.0
SKU033,2026-07-14,3,3,50,0.0
SKU033,2026-07-15,7,7,43,0.0
SKU033,2026-07-16,4,4,39,0.0
SKU033,2026-07-17,3,3,36,0.0
SKU033,2026-07-18,4,4,32,0.0
SKU033,2026-07-19,4,4,28,0.0
SKU033,2026-07-20,3,3,25,0.0
SKU033,2026-07-21,2,2,23,0.0
SKU033,2026-07-22,4,4,19,0.0
SKU033,2026-07-23,5,5,14,0.0
SKU033,2026-07-24,2,2,12,0.0
SKU033,2026-07-25,2,2,10,0.0
SKU033,2026-07-26,6,6,4,0.0
SKU033,2026-07-27,3,3,1,0.0
SKU033,2026-07-28,5,1,78,0.0
SKU033,2026-07-29,3,3,75,0.0
SKU033,2026-07-30,3,3,72,0.0
SKU033,2026-07-31,2,2,70,0.0
SKU033,2026-08-01,5,5,65,0.0
SKU033,2026-08-02,3,3,62,0.0
SKU033,2026-08-03,1,1,61,0.0
SKU033,2026-08-04,1,1,60,0.0
SKU033,2026-08-05,1,1,59,0.0
SKU033,2026-08-06,1,1,58,0.0
SKU033,2026-08-07,4,4,54,0.0
SKU033,2026-08-08,1,1,53,0.0
SKU033,2026-08-09,2,2,51,0.0
SKU033,2026-08-10,1,1,50,0.0
SKU033,2026-08-11,3,3,47,0.0
SKU033,2026-08-12,1,1,46,0.0
SKU033,2026-08-13,2,2,44,0.0
SKU033,2026-08-14,2,2,42,0.0
SKU033,2026-08-15,5,5,37,0.0
SKU033,2026-08-16,2,2,35,0.0
SKU033,2026-08-17,1,1,34,0.0
SKU033,2026-08-18,4,4,30,0.0
SKU033,2026-08-19,2,2,28,0.0
SKU033,2026-08-20,3,3,25,0.0
SKU033,2026-08-21,4,4,21,0.0
SKU033,2026-08-22,2,2,19,0.0
SKU033,2026-08-23,3,3,16,0.0
SKU033,2026-08-24,4,4,12,0.0
SKU033,2026-08-25,2,2,10,0.0
SKU033,2026-08-26,2,2,61,0.0
SKU033,2026-08-27,10,10,51,0.0
SKU033,2026-08-28,5,5,46,0.0
SKU033,2026-08-29,3,3,43,0.0
SKU033,2026-08-30,4,4,39,0.0
SKU033,2026-08-31,1,1,38,0.0
SKU033,2026-09-01,3,3,35,0.0
SKU033,2026-09-02,2,2,33,0.0
SKU033,2026-09-03,4,4,29,0.0
SKU033,2026-09-04,1,1,28,0.0
SKU033,2026-09-05,3,3,25,0.0
SKU033,2026-09-06,7,7,18,0.8
SKU033,2026-09-07,5,5,13,0.8
SKU033,2026-09-08,6,6,7,0.8
SKU033,2026-09-09,4,4,3,0.8
SKU033,2026-09-10,4,3,65,0.8
SKU033,2026-09-11,8,8,57,0.8
SKU033,2026-09-12,17,17,40,0.8
SKU033,2026-09-13,9,9,31,0.8
SKU033,2026-09-14,8,8,23,0.8
SKU033,2026-09-15,4,4,19,0.8
SKU033,2026-09-16,7,7,12,0.8
SKU033,2026-09-17,1,1,11,0.0
SKU033,2026-09-18,3,3,48,0.0
SKU033,2026-09-19,5,5,43,0.0
SKU033,2026-09-20,4,4,39,0.0
SKU033,2026-09-21,6,6,33,0.0
SKU033,2026-09-22,2,2,31,0.0
SKU033,2026-09-23,2,2,29,0.0
SKU033,2026-09-24,3,3,26,0.0
SKU033,2026-09-25,2,2,24,0.0
SKU033,2026-09-26,4,4,20,0.0
SKU033,2026-09-27,3,3,17,0.0
SKU033,2026-09-28,2,2,15,0.0
SKU033,2026-09-29,2,2,13,0.0
SKU033,2026-09-30,4,4,9,0.0
SKU033,2026-10-01,2,2,50,0.0
SKU033,2026-10-02,0,0,50,0.0
SKU033,2026-10-03,5,5,45,0.0
SKU033,2026-10-04,0,0,45,0.0
SKU033,2026-10-05,5,5,40,0.0
SKU033,2026-10-06,4,4,36,0.0
SKU034,2026-07-09,1,1,89,0.0
SKU034,2026-07-10,2,2,87,0.0
SKU034,2026-07-11,5,5,82,0.0
SKU034,2026-07-12,7,7,75,0.0
SKU034,2026-07-13,5,5,70,0.0
SKU034,2026-07-14,6,6,64,0.0
SKU034,2026-07-15,5,5,59,0.0
SKU034,2026-07-16,5,5,54,0.0
SKU034,2026-07-17,5,5,49,0.0
SKU034,2026-07-18,5,5,44,0.0
SKU034,2026-07-19,7,7,37,0.0
SKU034,2026-07-20,7,7,30,0.0
SKU034,2026-07-21,2,2,28,0.0
SKU034,2026-07-22,0,0,28,0.0
SKU034,2026-07-23,4,4,24,0.0
SKU034,2026-07-24,3,3,21,0.0
SKU034,2026-07-25,5,5,16,0.0
SKU034,2026-07-26,3,3,13,0.0
SKU034,2026-07-27,4,4,9,0.0
SKU034,2026-07-28,5,5,4,0.0
SKU034,2026-07-29,2,2,47,0.0
SKU034,2026-07-30,4,4,43,0.0
SKU034,2026-07-31,5,5,38,0.0
SKU034,2026-08-01,5,5,33,0.0
SKU034,2026-08-02,3,3,30,0.0
SKU034,2026-08-03,4,4,26,0.0
SKU034,2026-08-04,6,6,20,0.0
SKU034,2026-08-05,5,5,15,0.0
SKU034,2026-08-06,1,1,14,0.0
SKU034,2026-08-07,2,2,12,0.0
SKU034,2026-08-08,12,12,61,0.8
SKU034,2026-08-09,13,13,48,0.8
SKU034,2026-08-10,10,10,38,0.8
SKU034,2026-08-11,6,6,32,0.8
SKU034,2026-08-12,8,8,24,0.8
SKU034,2026-08-13,5,5,19,0.8
SKU034,2026-08-14,6,6,13,0.8
SKU034,2026-08-15,3,3,10,0.8
SKU034,2026-08-16,9,9,48,0.8
SKU034,2026-08-17,11,11,37,0.8
SKU034,2026-08-18,11,11,26,0.8
SKU034,2026-08-19,5,5,21,0.0
SKU034,2026-08-20,4,4,17,0.0
SKU034,2026-08-21,5,5,12,0.0
SKU034,2026-08-22,3,3,56,0.0
SKU034,2026-08-23,3,3,53,0.0
SKU034,2026-08-24,6,6,47,0.0
SKU034,2026-08-25,4,4,43,0.0
SKU034,2026-08-26,6,6,37,0.0
SKU034,2026-08-27,4,4,33,0.0
SKU034,2026-08-28,2,2,31,0.0
SKU034,2026-08-29,6,6,25,0.0
SKU034,2026-08-30,6,6,19,0.0
SKU034,2026-08-31,1,1,18,0.0
SKU034,2026-09-01,4,4,14,0.0
SKU034,2026-09-02,3,3,11,0.0
SKU034,2026-09-03,3,3,8,0.0
SKU034,2026-09-04,2,2,6,0.0
SKU034,2026-09-05,7,6,59,0.0
SKU034,2026-09-06,7,7,52,0.0
SKU034,2026-09-07,4,4,48,0.0
SKU034,2026-09-08,7,7,41,0.0
SKU034,2026-09-09,1,1,40,0.0
SKU034,2026-09-10,6,6,34,0.0
SKU034,2026-09-11,2,2,32,0.0
SKU034,2026-09-12,3,3,29,0.0
SKU034,2026-09-13,4,4,25,0.0
SKU034,2026-09-14,2,2,23,0.0
SKU034,2026-09-15,6,6,17,0.0
SKU034,2026-09-16,3,3,14,0.0
SKU034,2026-09-17,4,4,10,0.0
SKU034,2026-09-18,5,5,47,0.0
SKU034,2026-09-19,7,7,40,0.0
SKU034,2026-09-20,4,4,36,0.0
SKU034,2026-09-21,6,6,30,0.0
SKU034,2026-09-22,4,4,26,0.0
SKU034,2026-09-23,4,4,22,0.0
SKU034,2026-09-24,4,4,18,0.0
SKU034,2026-09-25,6,6,12,0.0
SKU034,2026-09-26,3,3,9,0.0
SKU034,2026-09-27,3,3,46,0.0
SKU034,2026-09-28,2,2,44,0.0
SKU034,2026-09-29,3,3,41,0.0
SKU034,2026-09-30,3,3,38,0.0
SKU034,2026-10-01,4,4,34,0.0
SKU034,2026-10-02,5,5,29,0.0
SKU034,2026-10-03,3,3,26,0.0
SKU034,2026-10-04,3,3,23,0.0
SKU034,2026-10-05,1,1,22,0.0
SKU034,2026-10-06,1,1,21,0.0
SKU035,2026-07-09,4,4,91,0.0
SKU035,2026-07-10,7,7,84,0.0
SKU035,2026-07-11,8,8,76,0.0
SKU035,2026-07-12,6,6,70,0.0
SKU035,2026-07-13,4,4,66,0.0
SKU035,2026-07-14,4,4,62,0.0
SKU035,2026-07-15,4,4,58,0.0
SKU035,2026-07-16,4,4,54,0.0
SKU035,2026-07-17,8,8,46,0.0
SKU035,2026-07-18,4,4,42,0.0
SKU035,2026-07-19,5,5,37,0.0
SKU035,2026-07-20,4,4,33,0.0
SKU035,2026-07-21,8,8,25,0.0
SKU035,2026-07-22,5,5,20,0.0
SKU035,2026-07-23,5,5,15,0.0
SKU035,2026-07-24,7,7,8,0.0
SKU035,2026-07-25,8,8,0,0.0
SKU035,2026-07-26,8,0,0,0.0
SKU035,2026-07-27,7,0,0,0.0
SKU035,2026-07-28,3,0,0,0.0
SKU035,2026-07-29,3,0,0,0.0
SKU035,2026-07-30,4,0,0,0.0
SKU035,2026-07-31,6,0,68,0.0
SKU035,2026-08-01,8,8,60,0.0
SKU035,2026-08-02,9,9,51,0.0
SKU035,2026-08-03,3,3,48,0.0
SKU035,2026-08-04,3,3,45,0.0
SKU035,2026-08-05,6,6,39,0.0
SKU035,2026-08-06,3,3,36,0.0
SKU035,2026-08-07,10,10,26,0.0
SKU035,2026-08-08,10,10,16,0.0
SKU035,2026-08-09,6,6,10,0.0
SKU035,2026-08-10,8,8,72,0.0
SKU035,2026-08-11,9,9,63,0.0
SKU035,2026-08-12,4,4,59,0.0
SKU035,2026-08-13,8,8,51,0.0
SKU035,2026-08-14,10,10,41,0.0
SKU035,2026-08-15,6,6,35,0.0
SKU035,2026-08-16,11,11,24,0.0
SKU035,2026-08-17,7,7,17,0.0
SKU035,2026-08-18,7,7,10,0.0
SKU035,2026-08-19,10,10,0,0.0
SKU035,2026-08-20,7,0,0,0.0
SKU035,2026-08-21,8,0,0,0.0
SKU035,2026-08-22,5,0,0,0.0
SKU035,2026-08-23,6,0,0,0.0
SKU035,2026-08-24,7,0,0,0.0
SKU035,2026-08-25,5,0,56,0.0
SKU035,2026-08-26,3,3,53,0.0
SKU035,2026-08-27,9,9,44,0.0
SKU035,2026-08-28,7,7,37,0.0
SKU035,2026-08-29,17,17,20,0.0
SKU035,2026-08-30,8,8,12,0.0
SKU035,2026-08-31,5,5,7,0.0
SKU035,2026-09-01,6,6,1,0.0
SKU035,2026-09-02,3,1,47,0.0
SKU035,2026-09-03,3,3,44,0.0
SKU035,2026-09-04,10,10,34,0.0
SKU035,2026-09-05,13,13,21,0.8
SKU035,2026-09-06,17,17,4,0.8
SKU035,2026-09-07,9,4,0,0.8
SKU035,2026-09-08,6,0,0,0.8
SKU035,2026-09-09,9,0,0,0.8
SKU035,2026-09-10,10,0,0,0.8
SKU035,2026-09-11,12,0,0,0.8
SKU035,2026-09-12,17,0,0,0.8
SKU035,2026-09-13,8,0,44,0.8
SKU035,2026-09-14,8,8,36,0.8
SKU035,2026-09-15,6,6,30,0.8
SKU035,2026-09-16,6,6,24,0.0
SKU035,2026-09-17,5,5,19,0.0
SKU035,2026-09-18,6,6,13,0.0
SKU035,2026-09-19,8,8,55,0.0
SKU035,2026-09-20,12,12,43,0.0
SKU035,2026-09-21,7,7,36,0.0
SKU035,2026-09-22,6,6,30,0.0
SKU035,2026-09-23,4,4,26,0.0
SKU035,2026-09-24,7,7,19,0.0
SKU035,2026-09-25,5,5,14,0.0
SKU035,2026-09-26,11,11,3,0.0
SKU035,2026-09-27,7,3,0,0.0
SKU035,2026-09-28,1,0,0,0.0
SKU035,2026-09-29,4,0,0,0.0
SKU035,2026-09-30,9,0,0,0.0
SKU035,2026-10-01,6,0,0,0.0
SKU035,2026-10-02,7,0,0,0.0
SKU035,2026-10-03,4,0,0,0.0
SKU035,2026-10-04,10,0,0,0.0
SKU035,2026-10-05,7,0,0,0.0
SKU035,2026-10-06,5,0,0,0.0
SKU036,2026-07-09,12,12,78,0.0
SKU036,2026-07-10,14,14,64,0.0
SKU036,2026-07-11,20,20,44,0.0
SKU036,2026-07-12,18,18,26,0.0
SKU036,2026-07-13,20,20,6,0.0
SKU036,2026-07-14,12,6,0,0.0
SKU036,2026-07-15,17,0,0,0.0
SKU036,2026-07-16,16,0,0,0.0
SKU036,2026-07-17,18,0,0,0.0
SKU036,2026-07-18,13,0,56,0.0
SKU036,2026-07-19,18,18,38,0.0
SKU036,2026-07-20,16,16,22,0.0
SKU036,2026-07-21,6,6,16,0.0
SKU036,2026-07-22,10,10,6,0.0
SKU036,2026-07-23,10,6,67,0.0
SKU036,2026-07-24,10,10,57,0.0
SKU036,2026-07-25,16,16,41,0.0
SKU036,2026-07-26,14,14,27,0.0
SKU036,2026-07-27,15,15,12,0.0
SKU036,2026-07-28,10,10,66,0.0
SKU036,2026-07-29,15,15,51,0.0
SKU036,2026-07-30,13,13,38,0.0
SKU036,2026-07-31,14,14,24,0.0
SKU036,2026-08-01,18,18,6,0.0
SKU036,2026-08-02,15,6,0,0.0
SKU036,2026-08-03,14,0,0,0.0
SKU036,2026-08-04,14,0,66,0.0
SKU036,2026-08-05,16,16,50,0.0
SKU036,2026-08-06,18,18,32,0.0
SKU036,2026-08-07,22,22,10,0.0
SKU036,2026-08-08,13,10,70,0.0
SKU036,2026-08-09,19,19,51,0.0
SKU036,2026-08-10,15,15,36,0.0
SKU036,2026-08-11,10,10,26,0.0
SKU036,2026-08-12,13,13,13,0.0
SKU036,2026-08-13,18,13,0,0.0
SKU036,2026-08-14,14,0,0,0.0
SKU036,2026-08-15,22,0,0,0.0
SKU036,2026-08-16,20,0,0,0.0
SKU036,2026-08-17,14,0,0,0.0
SKU036,2026-08-18,10,0,0,0.0
SKU036,2026-08-19,8,0,0,0.0
SKU036,2026-08-20,18,0,0,0.0
SKU036,2026-08-21,16,0,67,0.0
SKU036,2026-08-22,26,26,41,0.8
SKU036,2026-08-23,35,35,6,0.8
SKU036,2026-08-24,28,6,0,0.8
SKU036,2026-08-25,14,0,0,0.8
SKU036,2026-08-26,29,0,0,0.8
SKU036,2026-08-27,25,0,0,0.8
SKU036,2026-08-28,25,0,0,0.8
SKU036,2026-08-29,43,0,72,0.8
SKU036,2026-08-30,36,36,36,0.8
SKU036,2026-08-31,23,23,13,0.8
SKU036,2026-09-01,20,13,0,0.8
SKU036,2026-09-02,18,0,0,0.0
SKU036,2026-09-03,12,0,52,0.0
SKU036,2026-09-04,10,10,42,0.0
SKU036,2026-09-05,14,14,28,0.0
SKU036,2026-09-06,17,17,11,0.0
SKU036,2026-09-07,18,11,0,0.0
SKU036,2026-09-08,17,0,79,0.0
SKU036,2026-09-09,13,13,66,0.0
SKU036,2026-09-10,14,14,52,0.0
SKU036,2026-09-11,10,10,42,0.0
SKU036,2026-09-12,22,22,20,0.0
SKU036,2026-09-13,18,18,2,0.0
SKU036,2026-09-14,15,2,0,0.0
SKU036,2026-09-15,16,0,0,0.0
SKU036,2026-09-16,13,0,0,0.0
SKU036,2026-09-17,13,0,0,0.0
SKU036,2026-09-18,13,0,0,0.0
SKU036,2026-09-19,18,0,0,0.0
SKU036,2026-09-20,19,0,0,0.0
SKU036,2026-09-21,15,0,0,0.0
SKU036,2026-09-22,16,0,49,0.0
SKU036,2026-09-23,11,11,38,0.0
SKU036,2026-09-24,12,12,26,0.0
SKU036,2026-09-25,15,15,11,0.0
SKU036,2026-09-26,20,11,0,0.0
SKU036,2026-09-27,23,0,47,0.0
SKU036,2026-09-28,7,7,40,0.0
SKU036,2026-09-29,12,12,28,0.0
SKU036,2026-09-30,7,7,21,0.0
SKU036,2026-10-01,18,18,3,0.0
SKU036,2026-10-02,10,3,0,0.0
SKU036,2026-10-03,11,0,54,0.0
SKU036,2026-10-04,19,19,35,0.0
SKU036,2026-10-05,18,18,17,0.0
SKU036,2026-10-06,9,9,8,0.0
SKU037,2026-07-09,1,1,99,0.0
SKU037,2026-07-10,1,1,98,0.0
SKU037,2026-07-11,1,1,97,0.0
SKU037,2026-07-12,5,5,92,0.0
SKU037,2026-07-13,5,5,87,0.0
SKU037,2026-07-14,2,2,85,0.0
SKU037,2026-07-15,5,5,80,0.0
SKU037,2026-07-16,1,1,79,0.0
SKU037,2026-07-17,1,1,78,0.0
SKU037,2026-07-18,6,6,72,0.0
SKU037,2026-07-19,7,7,65,0.0
SKU037,2026-07-20,4,4,61,0.0
SKU037,2026-07-21,5,5,56,0.0
SKU037,2026-07-22,3,3,53,0.0
SKU037,2026-07-23,2,2,51,0.0
SKU037,2026-07-24,4,4,47,0.0
SKU037,2026-07-25,2,2,45,0.0
SKU037,2026-07-26,1,1,44,0.0
SKU037,2026-07-27,1,1,43,0.0
SKU037,2026-07-28,0,0,43,0.0
SKU037,2026-07-29,3,3,40,0.0
SKU037,2026-07-30,7,7,33,0.0
SKU037,2026-07-31,1,1,32,0.0
SKU037,2026-08-01,2,2,30,0.0
SKU037,2026-08-02,3,3,27,0.0
SKU037,2026-08-03,2,2,25,0.0
SKU037,2026-08-04,3,3,22,0.0
SKU037,2026-08-05,8,8,14,0.0
SKU037,2026-08-06,3,3,11,0.0
SKU037,2026-08-07,1,1,10,0.0
SKU037,2026-08-08,4,4,6,0.0
SKU037,2026-08-09,6,6,0,0.8
SKU037,2026-08-10,3,0,0,0.8
SKU037,2026-08-11,3,0,55,0.8
SKU037,2026-08-12,1,1,54,0.8
SKU037,2026-08-13,4,4,50,0.8
SKU037,2026-08-14,3,3,47,0.8
SKU037,2026-08-15,8,8,39,0.8
SKU037,2026-08-16,10,10,29,0.8
SKU037,2026-08-17,5,5,24,0.8
SKU037,2026-08-18,2,2,22,0.8
SKU037,2026-08-19,7,7,15,0.8
SKU037,2026-08-20,4,4,11,0.0
SKU037,2026-08-21,2,2,9,0.0
SKU037,2026-08-22,3,3,6,0.0
SKU037,2026-08-23,3,3,3,0.0
SKU037,2026-08-24,1,1,73,0.0
SKU037,2026-08-25,2,2,71,0.0
SKU037,2026-08-26,2,2,69,0.0
SKU037,2026-08-27,2,2,67,0.0
SKU037,2026-08-28,1,1,66,0.0
SKU037,2026-08-29,3,3,63,0.0
SKU037,2026-08-30,0,0,63,0.0
SKU037,2026-08-31,0,0,63,0.0
SKU037,2026-09-01,0,0,63,0.0
SKU037,2026-09-02,5,5,58,0.0
SKU037,2026-09-03,2,2,56,0.0
SKU037,2026-09-04,5,5,51,0.0
SKU037,2026-09-05,2,2,49,0.0
SKU037,2026-09-06,5,5,44,0.0
SKU037,2026-09-07,3,3,41,0.0
SKU037,2026-09-08,0,0,41,0.0
SKU037,2026-09-09,1,1,40,0.0
SKU037,2026-09-10,2,2,38,0.0
SKU037,2026-09-11,0,0,38,0.0
SKU037,2026-09-12,0,0,38,0.0
SKU037,2026-09-13,1,1,37,0.0
SKU037,2026-09-14,0,0,37,0.0
SKU037,2026-09-15,3,3,34,0.0
SKU037,2026-09-16,1,1,33,0.0
SKU037,2026-09-17,1,1,32,0.0
SKU037,2026-09-18,2,2,30,0.0
SKU037,2026-09-19,4,4,26,0.0
SKU037,2026-09-20,4,4,22,0.0
SKU037,2026-09-21,1,1,21,0.0
SKU037,2026-09-22,2,2,19,0.0
SKU037,2026-09-23,1,1,18,0.0
SKU037,2026-09-24,3,3,15,0.0
SKU037,2026-09-25,2,2,13,0.0
SKU037,2026-09-26,1,1,12,0.0
SKU037,2026-09-27,0,0,12,0.0
SKU037,2026-09-28,3,3,9,0.0
SKU037,2026-09-29,2,2,7,0.0
SKU037,2026-09-30,1,1,6,0.0
SKU037,2026-10-01,0,0,6,0.0
SKU037,2026-10-02,2,2,4,0.0
SKU037,2026-10-03,5,4,0,0.0
SKU037,2026-10-04,6,0,0,0.0
SKU037,2026-10-05,1,0,0,0.0
SKU037,2026-10-06,1,0,63,0.0
SKU038,2026-07-09,2,2,83,0.0
SKU038,2026-07-10,2,2,81,0.0
SKU038,2026-07-11,5,5,76,0.0
SKU038,2026-07-12,6,6,70,0.0
SKU038,2026-07-13,1,1,69,0.0
SKU038,2026-07-14,2,2,67,0.0
SKU038,2026-07-15,3,3,64,0.0
SKU038,2026-07-16,4,4,60,0.0
SKU038,2026-07-17,3,3,57,0.0
SKU038,2026-07-18,6,6,51,0.0
SKU038,2026-07-19,4,4,47,0.0
SKU038,2026-07-20,2,2,45,0.0
SKU038,2026-07-21,1,1,44,0.0
SKU038,2026-07-22,5,5,39,0.0
SKU038,2026-07-23,3,3,36,0.0
SKU038,2026-07-24,6,6,30,0.0
SKU038,2026-07-25,4,4,26,0.0
SKU038,2026-07-26,5,5,21,0.0
SKU038,2026-07-27,3,3,18,0.0
SKU038,2026-07-28,2,2,16,0.0
SKU038,2026-07-29,3,3,13,0.0
SKU038,2026-07-30,4,4,9,0.0
SKU038,2026-07-31,5,5,4,0.0
SKU038,2026-08-01,3,3,70,0.0
SKU038,2026-08-02,2,2,68,0.0
SKU038,2026-08-03,6,6,62,0.0
SKU038,2026-08-04,2,2,60,0.0
SKU038,2026-08-05,2,2,58,0.0
SKU038,2026-08-06,3,3,55,0.0
SKU038,2026-08-07,4,4,51,0.0
SKU038,2026-08-08,3,3,48,0.0
SKU038,2026-08-09,3,3,45,0.0
SKU038,2026-08-10,0,0,45,0.0
SKU038,2026-08-11,4,4,41,0.0
SKU038,2026-08-12,3,3,38,0.0
SKU038,2026-08-13,3,3,35,0.0
SKU038,2026-08-14,5,5,30,0.0
SKU038,2026-08-15,2,2,28,0.0
SKU038,2026-08-16,2,2,26,0.0
SKU038,2026-08-17,1,1,25,0.0
SKU038,2026-08-18,1,1,24,0.0
SKU038,2026-08-19,4,4,20,0.0
SKU038,2026-08-20,3,3,17,0.0
SKU038,2026-08-21,1,1,16,0.0
SKU038,2026-08-22,2,2,14,0.0
SKU038,2026-08-23,3,3,11,0.0
SKU038,2026-08-24,3,3,8,0.0
SKU038,2026-08-25,0,0,8,0.0
SKU038,2026-08-26,2,2,6,0.0
SKU038,2026-08-27,1,1,5,0.0
SKU038,2026-08-28,5,5,64,0.0
SKU038,2026-08-29,2,2,62,0.0
SKU038,2026-08-30,2,2,60,0.0
SKU038,2026-08-31,2,2,58,0.0
SKU038,2026-09-01,4,4,54,0.0
SKU038,2026-09-02,3,3,51,0.0
SKU038,2026-09-03,1,1,50,0.0
SKU038,2026-09-04,5,5,45,0.0
SKU038,2026-09-05,2,2,43,0.0
SKU038,2026-09-06,6,6,37,0.0
SKU038,2026-09-07,1,1,36,0.0
SKU038,2026-09-08,2,2,34,0.0
SKU038,2026-09-09,3,3,31,0.0
SKU038,2026-09-10,1,1,30,0.0
SKU038,2026-09-11,3,3,27,0.0
SKU038,2026-09-12,4,4,23,0.8
SKU038,2026-09-13,5,5,18,0.8
SKU038,2026-09-14,5,5,13,0.8
SKU038,2026-09-15,7,7,6,0.8
SKU038,2026-09-16,6,6,0,0.8
SKU038,2026-09-17,3,0,0,0.8
SKU038,2026-09-18,5,0,0,0.8
SKU038,2026-09-19,7,0,0,0.8
SKU038,2026-09-20,12,0,0,0.8
SKU038,2026-09-21,9,0,0,0.8
SKU038,2026-09-22,10,0,0,0.8
SKU038,2026-09-23,1,0,0,0.0
SKU038,2026-09-24,3,0,0,0.0
SKU038,2026-09-25,4,0,0,0.0
SKU038,2026-09-26,8,0,0,0.0
SKU038,2026-09-27,1,0,63,0.0
SKU038,2026-09-28,6,6,57,0.0
SKU038,2026-09-29,5,5,52,0.0
SKU038,2026-09-30,4,4,48,0.0
SKU038,2026-10-01,4,4,44,0.0
SKU038,2026-10-02,3,3,41,0.0
SKU038,2026-10-03,7,7,34,0.0
SKU038,2026-10-04,0,0,34,0.0
SKU038,2026-10-05,3,3,31,0.0
SKU038,2026-10-06,5,5,26,0.0
SKU039,2026-07-09,10,10,100,0.0
SKU039,2026-07-10,5,5,95,0.0
SKU039,2026-07-11,7,7,88,0.0
SKU039,2026-07-12,7,7,81,0.0
SKU039,2026-07-13,8,8,73,0.0
SKU039,2026-07-14,3,3,70,0.0
SKU039,2026-07-15,5,5,65,0.0
SKU039,2026-07-16,6,6,59,0.0
SKU039,2026-07-17,8,8,51,0.0
SKU039,2026-07-18,7,7,44,0.0
SKU039,2026-07-19,7,7,37,0.0
SKU039,2026-07-20,6,6,31,0.0
SKU039,2026-07-21,5,5,26,0.0
SKU039,2026-07-22,7,7,19,0.0
SKU039,2026-07-23,7,7,12,0.0
SKU039,2026-07-24,2,2,10,0.0
SKU039,2026-07-25,6,6,4,0.0
SKU039,2026-07-26,8,4,73,0.0
SKU039,2026-07-27,10,10,63,0.0
SKU039,2026-07-28,6,6,57,0.0
SKU039,2026-07-29,9,9,48,0.0
SKU039,2026-07-30,5,5,43,0.0
SKU039,2026-07-31,4,4,39,0.0
SKU039,2026-08-01,7,7,32,0.0
SKU039,2026-08-02,8,8,24,0.0
SKU039,2026-08-03,7,7,17,0.0
SKU039,2026-08-04,8,8,9,0.0
SKU039,2026-08-05,4,4,5,0.0
SKU039,2026-08-06,4,4,72,0.0
SKU039,2026-08-07,7,7,65,0.0
SKU039,2026-08-08,8,8,57,0.0
SKU039,2026-08-09,4,4,53,0.0
SKU039,2026-08-10,5,5,48,0.0
SKU039,2026-08-11,5,5,43,0.0
SKU039,2026-08-12,6,6,37,0.0
SKU039,2026-08-13,8,8,29,0.0
SKU039,2026-08-14,4,4,25,0.0
SKU039,2026-08-15,6,6,19,0.0
SKU039,2026-08-16,4,4,15,0.0
SKU039,2026-08-17,4,4,11,0.0
SKU039,2026-08-18,7,7,44,0.0
SKU039,2026-08-19,10,10,34,0.0
SKU039,2026-08-20,6,6,28,0.0
SKU039,2026-08-21,5,5,23,0.0
SKU039,2026-08-22,8,8,15,0.0
SKU039,2026-08-23,8,8,7,0.0
SKU039,2026-08-24,4,4,82,0.0
SKU039,2026-08-25,6,6,76,0.0
SKU039,2026-08-26,4,4,72,0.0
SKU039,2026-08-27,4,4,68,0.0
SKU039,2026-08-28,10,10,58,0.0
SKU039,2026-08-29,12,12,46,0.0
SKU039,2026-08-30,13,13,33,0.0
SKU039,2026-08-31,9,9,24,0.0
SKU039,2026-09-01,10,10,14,0.8
SKU039,2026-09-02,19,14,0,0.8
SKU039,2026-09-03,11,0,0,0.8
SKU039,2026-09-04,7,0,0,0.8
SKU039,2026-09-05,10,0,75,0.8
SKU039,2026-09-06,14,14,61,0.8
SKU039,2026-09-07,5,5,56,0.8
SKU039,2026-09-08,13,13,43,0.8
SKU039,2026-09-09,15,15,28,0.8
SKU039,2026-09-10,10,10,18,0.8
SKU039,2026-09-11,11,11,7,0.8
SKU039,2026-09-12,6,6,1,0.0
SKU039,2026-09-13,7,1,66,0.0
SKU039,2026-09-14,3,3,63,0.0
SKU039,2026-09-15,6,6,57,0.0
SKU039,2026-09-16,8,8,49,0.0
SKU039,2026-09-17,6,6,43,0.0
SKU039,2026-09-18,4,4,39,0.0
SKU039,2026-09-19,5,5,34,0.0
SKU039,2026-09-20,8,8,26,0.0
SKU039,2026-09-21,5,5,21,0.0
SKU039,2026-09-22,4,4,17,0.0
SKU039,2026-09-23,3,3,14,0.0
SKU039,2026-09-24,3,3,11,0.0
SKU039,2026-09-25,4,4,58,0.0
SKU039,2026-09-26,8,8,50,0.0
SKU039,2026-09-27,7,7,43,0.0
SKU039,2026-09-28,4,4,39,0.0
SKU039,2026-09-29,3,3,36,0.0
SKU039,2026-09-30,4,4,32,0.0
SKU039,2026-10-01,3,3,29,0.0
SKU039,2026-10-02,5,5,24,0.0
SKU039,2026-10-03,7,7,17,0.0
SKU039,2026-10-04,7,7,10,0.0
SKU039,2026-10-05,7,7,71,0.0
SKU039,2026-10-06,4,4,67,0.0
SKU040,2026-07-09,11,11,69,0.0
SKU040,2026-07-10,8,8,61,0.0
SKU040,2026-07-11,17,17,44,0.0
SKU040,2026-07-12,18,18,26,0.0
SKU040,2026-07-13,17,17,73,0.0
SKU040,2026-07-14,14,14,59,0.0
SKU040,2026-07-15,10,10,49,0.0
SKU040,2026-07-16,4,4,45,0.0
SKU040,2026-07-17,10,10,35,0.0
SKU040,2026-07-18,8,8,27,0.0
SKU040,2026-07-19,14,14,13,0.0
SKU040,2026-07-20,12,12,51,0.0
SKU040,2026-07-21,9,9,42,0.0
SKU040,2026-07-22,13,13,29,0.0
SKU040,2026-07-23,18,18,11,0.0
SKU040,2026-07-24,12,11,0,0.0
SKU040,2026-07-25,6,0,0,0.0
SKU040,2026-07-26,14,0,0,0.0
SKU040,2026-07-27,11,0,0,0.0
SKU040,2026-07-28,13,0,0,0.0
SKU040,2026-07-29,8,0,58,0.0
SKU040,2026-07-30,8,8,50,0.0
SKU040,2026-07-31,13,13,37,0.0
SKU040,2026-08-01,13,13,24,0.0
SKU040,2026-08-02,10,10,14,0.0
SKU040,2026-08-03,15,14,0,0.0
SKU040,2026-08-04,9,0,41,0.0
SKU040,2026-08-05,16,16,25,0.0
SKU040,2026-08-06,14,14,11,0.0
SKU040,2026-08-07,19,11,79,0.0
SKU040,2026-08-08,19,19,60,0.0
SKU040,2026-08-09,13,13,47,0.0
SKU040,2026-08-10,13,13,34,0.0
SKU040,2026-08-11,14,14,20,0.0
SKU040,2026-08-12,11,11,64,0.0
SKU040,2026-08-13,9,9,55,0.0
SKU040,2026-08-14,10,10,45,0.0
SKU040,2026-08-15,13,13,32,0.0
SKU040,2026-08-16,17,17,15,0.0
SKU040,2026-08-17,9,9,58,0.0
SKU040,2026-08-18,1,1,57,0.0
SKU040,2026-08-19,21,21,36,0.8
SKU040,2026-08-20,23,23,13,0.8
SKU040,2026-08-21,29,13,0,0.8
SKU040,2026-08-22,23,0,0,0.8
SKU040,2026-08-23,22,0,0,0.8
SKU040,2026-08-24,33,0,48,0.8
SKU040,2026-08-25,20,20,28,0.8
SKU040,2026-08-26,19,19,9,0.8
SKU040,2026-08-27,20,9,69,0.8
SKU040,2026-08-28,19,19,50,0.8
SKU040,2026-08-29,28,28,22,0.8
SKU040,2026-08-30,12,12,10,0.0
SKU040,2026-08-31,6,6,4,0.0
SKU040,2026-09-01,12,4,49,0.0
SKU040,2026-09-02,6,6,43,0.0
SKU040,2026-09-03,9,9,34,0.0
SKU040,2026-09-04,10,10,24,0.0
SKU040,2026-09-05,17,17,7,0.0
SKU040,2026-09-06,8,7,0,0.0
SKU040,2026-09-07,10,0,0,0.0
SKU040,2026-09-08,14,0,0,0.0
SKU040,2026-09-09,10,0,0,0.0
SKU040,2026-09-10,5,0,0,0.0
SKU040,2026-09-11,18,0,0,0.0
SKU040,2026-09-12,11,0,0,0.0
SKU040,2026-09-13,16,0,70,0.0
SKU040,2026-09-14,10,10,60,0.0
SKU040,2026-09-15,8,8,52,0.0
SKU040,2026-09-16,16,16,36,0.0
SKU040,2026-09-17,11,11,25,0.0
SKU040,2026-09-18,12,12,13,0.0
SKU040,2026-09-19,9,9,53,0.0
SKU040,2026-09-20,14,14,39,0.0
SKU040,2026-09-21,6,6,33,0.0
SKU040,2026-09-22,14,14,19,0.0
SKU040,2026-09-23,6,6,13,0.0
SKU040,2026-09-24,7,7,6,0.0
SKU040,2026-09-25,11,6,0,0.0
SKU040,2026-09-26,9,0,64,0.0
SKU040,2026-09-27,16,16,48,0.0
SKU040,2026-09-28,6,6,42,0.0
SKU040,2026-09-29,9,9,33,0.0
SKU040,2026-09-30,14,14,19,0.0
SKU040,2026-10-01,13,13,6,0.0
SKU040,2026-10-02,7,6,55,0.0
SKU040,2026-10-03,17,17,38,0.0
SKU040,2026-10-04,12,12,26,0.0
SKU040,2026-10-05,8,8,18,0.0
SKU040,2026-10-06,8,8,10,0.0
